product_name,quantity,unit_price,manufacturer,expiration_date,category,weight,color,material,production_date
Soup - Campbells - Chicken Noodle,265,6.2,Katz,,electronics,,Mauv,wood,12/15/2023
Wine - Sauvignon Blanc,429,22.53,Meembee,,food,,Red,plastic,8/31/2022
Pasta - Cheese / Spinach Bauletti,483,79.7,Skynoodle,,food,0.5,Puce,metal,10/27/2023
Wine - Cave Springs Dry Riesling,884,20.51,Centidel,,electronics,3.9,Green,plastic,1/7/2023
Table Cloth 62x120 Colour,476,62.39,Realcube,12/26/2022,electronics,2.6,Pink,metal,3/20/2022
Rolled Oats,852,86.68,Skibox,4/30/2023,food,,Green,metal,2/4/2023
"Jam - Marmalade, Orange",966,65.78,Bubblemix,,clothing,9.7,Orange,metal,4/30/2023
Straws - Cocktale,600,54.72,Abata,,food,1.4,Teal,metal,10/27/2022
"Brownies - Two Bite, Chocolate",476,51.78,Fatz,,food,3.7,Khaki,plastic,5/15/2023
"Beef - Tongue, Fresh",274,50.92,Twitterbeat,,electronics,5.2,Goldenrod,wood,2/2/2022
Cake - Sheet Strawberry,736,79.7,Jetpulse,,clothing,0.3,Puce,plastic,9/12/2023
Drambuie,563,4.41,Devshare,,clothing,,Puce,metal,5/27/2022
Noodles - Steamed Chow Mein,910,22.57,Skipstorm,,food,2.4,Violet,plastic,10/8/2023
"Cheese - Woolwich Goat, Log",208,20.47,Jayo,,food,3.3,Indigo,plastic,12/14/2023
Energy Drink - Franks Original,55,82.64,Camimbo,,food,6.6,Yellow,plastic,2/7/2023
Island Oasis - Pina Colada,727,71.99,Podcat,,food,3.7,Purple,wood,10/26/2022
Chocolate Bar - Smarties,742,58.34,Oyope,8/31/2022,food,2.3,Maroon,plastic,9/2/2022
Chevere Logs,112,2.92,Aivee,7/12/2022,electronics,9.8,Pink,wood,2/11/2023
"Beef - Rib Roast, Capless",672,13.48,LiveZ,,clothing,,Aquamarine,wood,3/9/2023
Cornish Hen,883,9.09,Tambee,,clothing,6.9,Aquamarine,plastic,7/9/2023
Salad Dressing,120,87.3,Vinte,9/5/2023,electronics,5.6,Purple,plastic,12/13/2023
"Tart Shells - Sweet, 4",915,62.27,Oozz,,food,3.3,Puce,metal,1/6/2023
"Bread - Rolls, Rye",758,27.71,Cogidoo,,clothing,4.0,Maroon,wood,12/26/2023
"Apple - Delicious, Red",109,72.96,Demivee,,electronics,4.5,Yellow,wood,4/22/2023
Sugar - Palm,221,74.41,Meezzy,,electronics,10.0,Fuscia,plastic,8/16/2022
Cheese - Gorgonzola,836,51.85,Centizu,8/19/2023,clothing,3.2,Khaki,plastic,1/12/2022
Papadam,927,94.76,Trilith,,clothing,8.8,Crimson,metal,6/18/2023
Mushroom - Morel Frozen,550,42.23,Pixope,,clothing,4.5,Purple,wood,12/24/2022
"Soup - Campbells, Cream Of",197,60.48,Einti,,clothing,5.2,Indigo,wood,8/31/2022
Cranberries - Frozen,607,66.56,Abatz,,food,4.5,Red,wood,12/1/2022
Pork - Caul Fat,372,59.24,Meezzy,6/16/2023,food,5.6,Maroon,metal,7/16/2023
"Pasta - Fett Alfredo, Single Serve",766,22.79,Quamba,,food,2.1,Puce,wood,11/29/2022
Cheese - Brie Roitelet,44,54.17,Twiyo,,food,8.5,Purple,metal,9/25/2022
"Wine - Red, Harrow Estates, Cab",143,2.65,Blogpad,,electronics,,Blue,wood,8/10/2023
Peach - Fresh,580,98.92,Wordware,,electronics,,Blue,metal,4/18/2022
Momiji Oroshi Chili Sauce,827,9.72,Geba,,electronics,10.0,Fuscia,metal,7/14/2022
Table Cloth 120 Round White,841,49.16,Jamia,1/24/2023,clothing,8.3,Goldenrod,wood,4/11/2022
Cheese - St. Andre,756,13.64,Vitz,,food,2.8,Khaki,wood,5/17/2023
Wine - Duboeuf Beaujolais,645,25.63,Skyba,,clothing,5.8,Turquoise,plastic,1/14/2022
Yokaline,991,6.74,Skyba,,clothing,1.6,Pink,metal,6/23/2022
Wine - Delicato Merlot,413,13.55,Wikido,3/3/2022,electronics,9.4,Violet,plastic,12/22/2023
Sauce - Soy Low Sodium - 3.87l,427,41.5,Tagcat,,food,9.1,Purple,wood,6/3/2022
Sour Puss Raspberry,403,1.9,Npath,,clothing,5.6,Purple,plastic,4/11/2023
"Pasta - Linguini, Dry",392,85.87,Mymm,,electronics,,Fuscia,wood,11/5/2022
Olives - Stuffed,33,43.9,Ozu,10/10/2022,clothing,0.5,Mauv,metal,9/29/2022
Puree - Raspberry,731,65.5,Babbleset,,food,7.8,Aquamarine,wood,7/22/2022
Ecolab Crystal Fusion,334,56.61,Roomm,10/30/2022,clothing,2.5,Purple,wood,11/5/2022
Grapefruit - White,691,38.89,Kare,,clothing,,Mauv,metal,6/17/2023
Cleaner - Comet,258,75.7,Buzzbean,,food,5.4,Crimson,metal,11/7/2023
Lamb - Shanks,423,61.52,Layo,,food,7.9,Purple,plastic,11/24/2023
"Juice - Apple, 1.36l",573,83.63,Layo,,clothing,,Puce,plastic,2/20/2023
Mints - Striped Red,229,32.56,Ainyx,,clothing,,Indigo,metal,4/5/2023
"Lamb - Whole, Frozen",858,64.78,Topicware,,clothing,7.2,Orange,wood,4/27/2022
"Potatoes - Instant, Mashed",323,70.62,Trilia,,clothing,7.2,Khaki,metal,1/24/2023
Haggis,67,91.26,Kamba,,electronics,4.8,Mauv,metal,7/18/2023
Vanilla Beans,469,12.32,Brainverse,11/18/2022,food,,Puce,plastic,9/26/2022
Creme De Menth - White,981,69.71,Voonder,,clothing,1.4,Teal,wood,2/28/2022
Bread - Hot Dog Buns,443,55.41,Roombo,,electronics,6.1,Red,plastic,4/28/2022
Tofu - Soft,938,65.34,Oyoloo,,food,3.9,Teal,plastic,7/28/2022
Soup Campbells - Italian Wedding,944,31.61,Kazu,,food,5.5,Aquamarine,plastic,12/21/2022
Beer - Original Organic Lager,89,59.02,Omba,,food,5.0,Purple,wood,6/27/2023
"Soup - Clam Chowder, Dry Mix",343,79.44,Jaloo,9/14/2023,electronics,6.9,Goldenrod,metal,7/31/2022
Nantucket Orange Juice,25,6.85,Photolist,,electronics,,Goldenrod,plastic,11/28/2022
Peas Snow,604,6.77,Fiveclub,,electronics,5.6,Crimson,wood,10/15/2023
Burger Veggie,386,52.75,Twiyo,,electronics,6.4,Crimson,plastic,3/22/2022
Schnappes Peppermint - Walker,385,45.1,Devpulse,,food,2.4,Khaki,wood,2/20/2023
Dawn Professionl Pot And Pan,107,38.86,Camimbo,,food,6.6,Purple,metal,11/14/2022
Cheese Cloth No 60,150,62.78,Devcast,,food,8.7,Violet,metal,7/4/2023
Bread - Pumpernickel,997,94.08,Jabbercube,,electronics,,Maroon,plastic,2/27/2023
Hummus - Spread,306,35.79,Vidoo,,clothing,7.2,Maroon,plastic,3/19/2022
"Wine - Red, Pinot Noir, Chateau",737,29.18,Tazzy,,electronics,1.9,Orange,wood,3/5/2023
Chicken Breast Halal,467,86.78,Chatterbridge,,electronics,7.0,Purple,wood,7/28/2022
"Pork - Tenderloin, Fresh",725,65.93,Vinte,,electronics,7.4,Maroon,plastic,5/2/2022
"Wine - White, Cooking",862,77.41,Zoozzy,,electronics,,Fuscia,wood,9/27/2022
Lettuce - Treviso,717,52.73,Trunyx,,food,3.0,Yellow,metal,2/3/2023
Browning Caramel Glace,44,34.11,Realbridge,11/25/2022,electronics,1.6,Violet,plastic,10/28/2022
Lychee,650,3.31,Dynazzy,,food,0.8,Purple,metal,12/26/2023
Gatorade - Xfactor Berry,824,22.37,Youspan,,food,4.7,Fuscia,plastic,5/8/2022
Chervil - Fresh,837,27.96,Dabvine,7/11/2023,clothing,,Red,wood,9/4/2023
Pasta - Orecchiette,729,93.09,Quinu,,electronics,1.5,Fuscia,metal,12/12/2022
Bread - White Epi Baguette,261,15.26,Meemm,,clothing,5.0,Maroon,metal,12/13/2022
Cream - 18%,61,45.17,Realblab,,food,2.0,Pink,wood,12/9/2022
Gelatine Powder,518,60.3,Janyx,,food,7.5,Red,wood,7/16/2022
Salt And Pepper Mix - Black,554,3.49,Tanoodle,,food,4.9,Teal,plastic,7/22/2022
Squash - Guords,507,40.41,Centimia,,food,6.3,Violet,plastic,9/24/2023
Cheese - Brie,903,13.85,Kare,,electronics,,Blue,metal,6/4/2022
Wine - Balbach Riverside,682,26.44,Livetube,,clothing,5.4,Pink,plastic,10/7/2023
Myers Planters Punch,396,38.68,Pixonyx,,clothing,6.7,Crimson,metal,10/9/2023
"Pepsi, 355 Ml",191,70.69,Browseblab,7/5/2023,electronics,2.9,Indigo,metal,6/26/2023
Pasta - Angel Hair,597,2.09,Roodel,,electronics,7.3,Maroon,metal,10/22/2022
Lobster - Base,946,57.42,Voonyx,,electronics,,Red,plastic,3/31/2022
Compound - Rum,242,58.41,Zoombox,,food,0.2,Fuscia,metal,4/26/2022
Honey - Lavender,700,98.82,Skipstorm,,electronics,2.9,Violet,wood,11/30/2022
Bacardi Limon,613,15.81,Blogtag,,food,0.4,Purple,metal,1/2/2023
Wine - Jackson Triggs Okonagan,730,95.58,Meezzy,10/15/2023,clothing,2.2,Purple,plastic,3/26/2023
Kiwi,780,68.75,Digitube,,clothing,2.8,Fuscia,plastic,10/23/2022
Instant Coffee,26,75.86,Dynabox,,food,,Purple,metal,10/19/2022
Cornish Hen,295,87.19,Lazzy,,food,,Pink,plastic,9/25/2022
Blue Curacao - Marie Brizard,544,56.24,Avamm,,food,,Turquoise,metal,4/7/2023
Tart - Pecan Butter Squares,904,7.76,Aimbo,,electronics,,Pink,plastic,6/8/2023
Radish,68,46.17,Lazzy,,electronics,,Aquamarine,plastic,12/26/2023
Papayas,31,17.32,Brightbean,4/22/2023,food,7.9,Khaki,metal,6/14/2023
Tomatoes - Yellow Hot House,85,29.86,Oozz,,food,2.0,Purple,wood,3/11/2023
Tea - Earl Grey,208,36.53,Eidel,8/3/2023,food,8.5,Teal,plastic,6/2/2022
Island Oasis - Ice Cream Mix,230,76.6,Meeveo,,electronics,9.4,Fuscia,plastic,7/23/2022
Pear - Prickly,911,22.63,Ntags,,electronics,3.4,Maroon,metal,5/30/2023
Wine - Carmenere Casillero Del,653,52.92,Aibox,,food,3.4,Khaki,wood,5/6/2023
"Beer - Alexander Kieths, Pale Ale",28,91.38,Realbuzz,,clothing,4.8,Maroon,plastic,2/25/2023
Hinge W Undercut,157,15.8,Kamba,12/2/2022,clothing,0.4,Aquamarine,plastic,1/2/2023
Salt - Table,394,55.74,Skinte,,electronics,3.2,Aquamarine,wood,11/3/2023
Turkey - Ground. Lean,549,58.45,Aimbu,,clothing,1.1,Red,plastic,8/11/2023
Chinese Lemon Pork,880,87.06,Kanoodle,,food,7.9,Khaki,plastic,2/20/2022
Pasta - Ravioli,585,66.76,Voolia,,food,2.7,Teal,plastic,11/12/2023
Pork - Smoked Kassler,73,86.76,Ntags,7/12/2022,food,9.1,Maroon,plastic,12/29/2023
Wine - Peller Estates Late,184,52.4,Gigazoom,,clothing,4.0,Red,wood,4/22/2022
Whmis Spray Bottle Graduated,533,45.64,Ailane,,clothing,2.4,Indigo,metal,9/21/2022
"Juice - Grape, White",940,0.21,Tambee,,food,3.3,Orange,metal,9/1/2023
Wine - Rubyport,999,4.54,Browsetype,,electronics,5.8,Indigo,plastic,10/16/2022
Cape Capensis - Fillet,116,76.08,Muxo,,food,4.3,Crimson,wood,9/27/2022
Cheese - Gouda,512,63.7,Yombu,,clothing,,Violet,metal,3/15/2022
Water - Spring Water 500ml,3,41.88,Jabbercube,,electronics,8.5,Pink,metal,9/18/2023
Dill Weed - Fresh,367,68.95,Digitube,,clothing,2.5,Red,metal,1/19/2022
"Cheese - Boursin, Garlic / Herbs",697,36.78,Eare,4/19/2023,food,,Violet,metal,1/19/2023
Beer - Creemore,766,13.89,Bubblebox,,food,0.9,Fuscia,plastic,2/13/2023
Wine - Periguita Fonseca,343,38.72,Livefish,,food,6.0,Fuscia,metal,6/16/2023
Lamb - Sausage Casings,454,66.18,Ainyx,,food,9.2,Purple,metal,2/16/2022
Bread - Malt,39,22.0,Feedbug,,electronics,,Indigo,plastic,5/9/2023
Cake - Dulce De Leche,910,62.07,Gabtune,,clothing,3.5,Aquamarine,plastic,1/1/2022
Appetizer - Lobster Phyllo Roll,72,60.3,Midel,,clothing,4.9,Blue,metal,2/2/2023
Bread - Italian Corn Meal Poly,488,4.23,Jaloo,,food,0.6,Teal,plastic,2/7/2022
The Pop Shoppe - Grape,442,75.3,Shuffledrive,,food,2.8,Green,plastic,11/25/2022
Rum - Mount Gay Eclipes,529,80.46,Oyoyo,12/5/2023,food,2.5,Crimson,wood,12/13/2022
Crab - Imitation Flakes,509,78.53,Yakitri,10/8/2023,food,,Goldenrod,wood,4/15/2022
Pastry - Lemon Danish - Mini,670,45.16,Twimm,,food,,Blue,wood,10/31/2022
Bread - Petit Baguette,780,93.22,Brainsphere,,food,1.4,Violet,plastic,12/4/2023
Cheese - Comtomme,663,38.55,Twitternation,,electronics,,Blue,metal,11/13/2022
"Noodles - Cellophane, Thin",125,66.94,Zoomzone,,electronics,1.0,Aquamarine,wood,2/9/2023
French Pastries,299,40.68,Katz,3/22/2022,electronics,4.8,Blue,metal,4/20/2023
Lettuce - Escarole,906,88.66,Browsebug,,electronics,3.5,Green,wood,1/28/2022
Banana - Leaves,280,96.36,Twitterwire,,electronics,0.4,Khaki,wood,9/29/2023
Spring Roll Wrappers,340,96.14,Trilith,,clothing,8.5,Violet,metal,10/2/2022
Oil - Cooking Spray,808,11.82,Photojam,3/23/2022,electronics,,Crimson,plastic,11/14/2023
Strawberries,542,24.48,Tazzy,,clothing,8.1,Purple,plastic,7/2/2023
Lamb Shoulder Boneless Nz,114,3.27,Flashdog,8/16/2023,clothing,,Mauv,plastic,7/7/2022
Graham Cracker Mix,191,87.08,Dabjam,9/10/2023,food,4.7,Green,plastic,4/10/2022
Carbonated Water - Wildberry,280,82.0,Topicstorm,,food,5.0,Pink,wood,3/27/2023
Paper - Brown Paper Mini Cups,72,36.34,Plajo,3/28/2022,clothing,8.9,Green,plastic,5/4/2023
Squeeze Bottle,658,68.84,Zoomcast,,electronics,,Pink,metal,9/21/2023
Cleaner - Lime Away,863,85.01,Skimia,,clothing,4.8,Pink,wood,3/22/2023
Bread - Bistro Sour,944,85.69,Tekfly,,electronics,,Red,metal,3/16/2023
"Potatoes - Instant, Mashed",682,29.09,Dabvine,,clothing,2.4,Fuscia,wood,9/4/2022
Shopper Bag - S - 4,270,54.94,Skalith,,clothing,6.7,Goldenrod,wood,10/12/2022
Lobster - Live,36,56.17,Zoomzone,,electronics,7.6,Crimson,metal,10/1/2022
Anchovy Paste - 56 G Tube,272,4.74,Quatz,,clothing,0.2,Fuscia,metal,5/31/2022
Pie Filling - Cherry,833,18.59,Wikizz,,electronics,7.8,Teal,wood,9/9/2022
Eggplant Oriental,816,65.18,Omba,,food,,Teal,plastic,6/28/2022
Beer - Rickards Red,212,12.02,Browseblab,3/23/2023,electronics,1.2,Turquoise,plastic,3/14/2023
Napkin White,80,1.91,Tagfeed,,food,3.9,Violet,wood,7/22/2022
V8 Pet,421,17.62,Livetube,,food,,Blue,metal,5/8/2023
Octopus,593,13.62,Blogtag,11/25/2022,electronics,9.1,Turquoise,wood,1/27/2022
Campari,932,90.03,Thoughtmix,7/2/2023,clothing,,Green,wood,4/16/2023
Pop - Club Soda Can,954,50.92,Flashspan,11/2/2023,electronics,,Orange,metal,6/17/2023
Juice Peach Nectar,748,31.76,Jabbercube,1/21/2023,clothing,,Yellow,plastic,2/14/2023
Plums - Red,315,75.58,Midel,,electronics,4.0,Yellow,plastic,9/11/2022
Capers - Ox Eye Daisy,4,10.73,Rhynyx,,clothing,6.4,Aquamarine,plastic,12/12/2022
Miso Paste White,371,28.61,Mynte,,food,5.8,Orange,wood,9/13/2022
Ecolab - Power Fusion,28,23.87,Yombu,,food,8.7,Mauv,metal,3/18/2023
Fond - Chocolate,629,48.99,Edgeclub,,electronics,6.6,Crimson,metal,6/29/2022
Chips - Doritos,856,59.54,Geba,,food,3.4,Puce,plastic,3/20/2022
Wine - Hardys Bankside Shiraz,16,83.75,Mydo,11/5/2022,food,3.1,Mauv,wood,6/21/2023
Tomatoes - Cherry,731,14.27,Photolist,,electronics,,Teal,plastic,3/30/2022
Cinnamon Rolls,716,98.98,Edgewire,,electronics,,Purple,plastic,9/20/2023
Cornstarch,371,25.2,Devshare,,clothing,2.0,Violet,metal,1/7/2022
Couscous,309,39.31,Eayo,,food,5.8,Yellow,metal,4/30/2023
Soup Campbells Turkey Veg.,248,18.1,Devpoint,12/8/2022,food,1.6,Purple,wood,4/13/2022
Milk - 2% 250 Ml,556,19.86,Skinix,,clothing,3.4,Pink,plastic,6/2/2022
"Quail - Whole, Boneless",998,32.87,Fadeo,,electronics,,Mauv,wood,5/31/2023
Bag Clear 10 Lb,16,39.14,Twimm,,electronics,2.4,Green,plastic,10/25/2023
Wine - Fontanafredda Barolo,137,72.94,Brightbean,6/18/2023,electronics,0.6,Mauv,plastic,4/21/2023
Cherries - Fresh,317,28.77,Kimia,,food,1.1,Crimson,wood,1/19/2022
The Pop Shoppe - Cream Soda,495,16.13,Nlounge,,electronics,2.3,Turquoise,wood,9/6/2022
Salmon Atl.whole 8 - 10 Lb,279,67.56,Dazzlesphere,8/26/2022,food,,Indigo,wood,5/4/2022
Mint - Fresh,440,57.47,Fatz,,food,4.3,Turquoise,wood,7/17/2022
"Chilli Paste, Sambal Oelek",385,37.07,Latz,,food,,Aquamarine,metal,2/15/2022
Salad Dressing,204,28.27,Skaboo,,clothing,,Purple,wood,10/21/2023
"Pineapple - Canned, Rings",14,99.91,Wikido,,electronics,0.4,Aquamarine,wood,7/29/2023
Sauce - Fish 25 Ozf Bottle,919,68.48,Latz,,electronics,6.0,Indigo,wood,3/21/2022
Sauce Tomato Pouch,341,22.46,Dynazzy,7/28/2022,electronics,1.3,Goldenrod,plastic,8/24/2022
"Water - Spring Water, 355 Ml",402,75.62,Buzzdog,,electronics,3.6,Goldenrod,wood,12/9/2022
Carbonated Water - Lemon Lime,933,8.52,Twinte,6/23/2023,food,,Aquamarine,metal,3/10/2022
Extract - Raspberry,661,87.59,Babbleset,,clothing,8.6,Indigo,wood,7/31/2023
Oil - Canola,743,24.78,DabZ,,food,9.4,Puce,plastic,1/15/2022
Cake Sheet Combo Party Pack,254,27.18,Feedmix,,food,,Violet,plastic,9/3/2023
Island Oasis - Pina Colada,967,86.79,Eayo,10/11/2022,electronics,6.9,Indigo,plastic,6/30/2023
Steampan - Half Size Shallow,328,9.53,Voolia,5/26/2022,food,0.6,Purple,wood,10/31/2023
Cheese - Feta,749,20.46,Flipbug,,electronics,,Yellow,plastic,5/2/2022
Milk Powder,23,70.43,Ailane,,clothing,8.9,Indigo,metal,4/17/2023
Turnip - Wax,260,5.46,Katz,3/11/2023,clothing,2.6,Goldenrod,plastic,4/28/2023
Fireball Whisky,767,20.27,Skajo,,food,5.2,Aquamarine,wood,4/18/2023
Arizona - Green Tea,991,11.67,Latz,,food,4.0,Mauv,metal,9/22/2023
Mayonnaise,807,41.16,Roombo,,clothing,6.4,Aquamarine,metal,4/2/2023
Wine - Cava Aria Estate Brut,3,52.55,Linkbuzz,,electronics,8.2,Red,wood,9/9/2022
Pizza Pizza Dough,827,81.9,Innojam,5/27/2023,clothing,4.1,Green,wood,10/30/2023
Pastry - Baked Scones - Mini,112,24.06,Flipbug,,clothing,0.3,Fuscia,metal,5/27/2022
Tray - 12in Rnd Blk,62,7.97,Dabfeed,5/14/2023,electronics,,Orange,metal,9/3/2022
Sproutsmustard Cress,166,25.19,Twinte,1/15/2022,clothing,,Khaki,wood,6/5/2023
Lamb - Whole Head Off,150,64.95,Eazzy,,electronics,2.7,Violet,plastic,1/22/2022
Sauce - Oyster,480,76.02,Avamba,,food,,Fuscia,metal,11/5/2022
Yokaline,578,26.67,Rhycero,,electronics,3.5,Violet,metal,10/3/2022
Soup - French Can Pea,455,62.31,Skipstorm,8/12/2023,electronics,6.5,Khaki,plastic,3/29/2023
Lettuce - Frisee,847,35.87,Shuffletag,,food,8.9,Green,metal,10/18/2022
Lettuce - Green Leaf,369,34.82,Shuffletag,,food,3.7,Blue,plastic,6/5/2022
"Tea - Darjeeling, Azzura",745,77.9,Browsecat,1/14/2023,food,,Mauv,plastic,11/8/2022
"Capon - Breast, Wing On",407,79.66,Trupe,,food,3.5,Khaki,plastic,4/23/2022
Pasta - Agnolotti - Butternut,358,45.01,Geba,9/12/2023,clothing,6.8,Fuscia,wood,6/6/2022
Beans - French,168,44.09,Zoomzone,,electronics,6.2,Indigo,metal,1/25/2022
Compound - Strawberry,373,32.61,Trupe,,electronics,7.1,Maroon,metal,2/27/2022
Mix Pina Colada,275,45.66,Tagchat,,electronics,2.2,Blue,wood,10/28/2023
Bread - Sour Sticks With Onion,400,9.65,Zava,,clothing,5.0,Goldenrod,plastic,1/10/2023
"Soup - Campbells, Lentil",5,57.56,Innotype,11/17/2022,electronics,,Yellow,metal,1/24/2023
Carbonated Water - White Grape,84,88.0,Ainyx,11/11/2022,food,2.3,Purple,plastic,3/31/2023
Juice - Lime,514,34.59,Skimia,,clothing,2.7,Khaki,metal,6/6/2022
"Asparagus - Green, Fresh",239,91.68,Topicware,,clothing,3.8,Puce,wood,7/26/2022
Lamb - Sausage Casings,676,14.02,Youfeed,1/3/2022,clothing,9.8,Violet,plastic,6/20/2022
Grenadine,770,95.73,Thoughtsphere,,clothing,,Maroon,wood,5/12/2023
Melon - Honey Dew,20,36.0,Topiczoom,,electronics,,Turquoise,plastic,3/6/2023
Toamtoes 6x7 Select,624,93.3,Gigabox,,food,6.7,Mauv,metal,7/3/2023
Sausage - Andouille,984,68.39,Yodo,,food,,Green,plastic,6/11/2023
Spice - Greek 1 Step,769,18.76,Jetwire,11/22/2022,food,,Aquamarine,plastic,5/24/2022
Syrup - Monin - Granny Smith,62,5.8,Jazzy,5/29/2022,clothing,0.7,Fuscia,metal,5/6/2023
Lemon Pepper,806,94.07,Oyope,,food,0.2,Blue,plastic,1/5/2022
Dish Towel,791,12.62,Jamia,,clothing,2.2,Pink,plastic,5/3/2023
Napkin White,619,4.15,Kwilith,,clothing,3.8,Maroon,wood,3/28/2023
Wine - Cotes Du Rhone Parallele,484,53.95,Youfeed,,clothing,5.5,Teal,plastic,6/11/2022
"Wine - White, Riesling, Semi - Dry",137,70.74,InnoZ,,electronics,9.2,Blue,metal,8/12/2022
Wasabi Paste,179,83.78,Skalith,,clothing,0.9,Fuscia,wood,3/8/2022
Cheese - La Sauvagine,357,94.83,Topiczoom,2/4/2023,food,9.4,Purple,metal,9/24/2022
Cookie Dough - Double,753,54.11,Quimm,,food,,Mauv,plastic,12/30/2022
Melon - Cantaloupe,934,23.35,Avamba,,electronics,1.0,Khaki,wood,6/23/2023
"Bread - Roll, Canadian Dinner",815,50.57,Voonder,,electronics,0.6,Puce,plastic,6/5/2023
Peppercorns - Pink,54,23.49,Kimia,7/8/2022,electronics,1.6,Violet,metal,2/7/2022
Halibut - Fletches,855,40.96,Feednation,,clothing,9.7,Indigo,plastic,10/4/2023
"Pork - Tenderloin, Fresh",198,46.9,Yacero,,food,3.9,Yellow,plastic,3/31/2022
"Nut - Peanut, Roasted",515,61.17,Thoughtblab,2/10/2023,clothing,,Violet,plastic,12/7/2022
Soup - Campbells Beef Stew,100,20.1,Kwinu,10/14/2023,clothing,1.8,Turquoise,metal,4/8/2022
"Crab - Back Fin Meat, Canned",796,44.69,Browsebug,5/24/2023,food,9.7,Purple,wood,1/4/2023
"Soup - Campbells, Butternut",645,2.99,InnoZ,,electronics,1.7,Yellow,metal,7/10/2022
Tea - English Breakfast,651,66.23,Wordify,6/7/2023,electronics,0.1,Teal,metal,8/25/2022
"Jam - Strawberry, 20 Ml Jar",610,5.67,Linkbuzz,,food,,Fuscia,wood,4/1/2022
"Nut - Almond, Blanched, Whole",723,69.49,Jaxnation,,electronics,,Indigo,metal,8/27/2022
Foam Espresso Cup Plain White,924,18.89,Mynte,9/11/2023,electronics,,Maroon,metal,11/14/2023
"Gin - Gilbeys London, Dry",322,15.25,Blogtags,,electronics,,Blue,metal,5/22/2022
Onions - Red,32,40.91,Demimbu,,food,9.2,Purple,plastic,11/27/2023
Apple - Custard,924,20.25,Browsedrive,,electronics,4.5,Green,plastic,7/3/2022
"Tendrils - Baby Pea, Organic",770,50.94,Buzzshare,,clothing,0.5,Green,wood,8/5/2023
Sauce - Chili,521,87.92,Rhynoodle,,electronics,6.8,Blue,wood,3/10/2023
Veal - Sweetbread,417,88.84,Vitz,,food,2.7,Yellow,plastic,5/21/2023
Foie Gras,533,18.25,Skivee,12/3/2022,electronics,9.6,Puce,metal,11/9/2022
Glucose,949,30.35,Livetube,,food,1.7,Goldenrod,wood,12/14/2023
Marzipan 50/50,914,84.94,Bubblebox,2/6/2022,food,,Puce,metal,12/17/2022
"Potatoes - Instant, Mashed",25,43.54,Pixonyx,,electronics,4.7,Purple,plastic,4/7/2023
Cardamon Seed / Pod,734,65.94,Realblab,,food,,Green,wood,3/31/2023
Filling - Mince Meat,886,29.22,Dabjam,,clothing,9.3,Fuscia,plastic,1/26/2022
"Appetizer - Spring Roll, Veg",285,93.03,Camido,,clothing,8.9,Blue,plastic,4/21/2023
"Nut - Walnut, Pieces",695,91.56,Twinder,,electronics,2.9,Turquoise,plastic,2/13/2022
"Wine - Red, Gamay Noir",610,70.84,Realbridge,,clothing,7.2,Indigo,plastic,2/13/2023
"Jam - Blackberry, 20 Ml Jar",594,19.82,Bubblemix,,food,8.6,Mauv,plastic,10/20/2023
Wine - Barolo Fontanafredda,810,37.22,Eazzy,,food,,Pink,plastic,2/12/2023
"Plate - Foam, Bread And Butter",210,48.78,Wikibox,,electronics,4.7,Teal,wood,11/5/2022
Mayonnaise,920,87.52,BlogXS,,food,9.6,Puce,metal,6/28/2022
"Jam - Blackberry, 20 Ml Jar",318,5.54,Myworks,,electronics,2.0,Khaki,wood,10/25/2022
Nectarines,139,63.71,Rhyloo,,electronics,2.7,Mauv,wood,1/4/2023
Tea - Grapefruit Green Tea,707,38.28,Linktype,2/20/2022,electronics,3.5,Orange,plastic,12/4/2023
Dc - Sakura Fu,431,92.6,Twitterworks,,clothing,,Maroon,plastic,5/6/2023
Rice - Brown,765,72.87,Camido,,food,7.4,Orange,wood,11/9/2023
Clams - Canned,320,11.64,Babblestorm,1/30/2023,clothing,8.7,Pink,metal,3/8/2022
Chambord Royal,309,57.84,Yacero,,electronics,9.2,Indigo,metal,11/6/2023
Container Clear 8 Oz,182,12.26,Rhybox,,clothing,,Pink,wood,6/19/2023
"Lettuce - Romaine, Heart",380,21.21,Fanoodle,,electronics,3.2,Red,metal,9/1/2023
Cheese - Gorgonzola,86,98.98,Cogilith,,clothing,6.9,Mauv,plastic,6/4/2023
"Lentils - Red, Dry",865,11.81,DabZ,,electronics,,Aquamarine,metal,3/19/2022
Chocolate - White,38,5.02,Brainlounge,,electronics,,Violet,wood,11/16/2023
Cake - Lemon Chiffon,102,80.3,Bluejam,5/8/2023,electronics,6.0,Fuscia,plastic,7/2/2022
Veal - Loin,598,83.8,Mudo,,electronics,9.5,Yellow,wood,10/10/2023
Shrimp - 31/40,868,95.32,Lajo,,clothing,2.3,Maroon,metal,10/18/2022
Muffin - Mix - Creme Brule 15l,578,61.07,Abata,,clothing,1.1,Violet,metal,11/2/2023
Apple - Granny Smith,952,0.99,Topicblab,4/17/2023,clothing,,Blue,plastic,9/13/2023
Sprouts Dikon,888,40.94,Yadel,12/19/2023,food,,Teal,plastic,6/20/2022
Dried Cherries,951,45.82,Aimbo,,food,0.7,Pink,metal,3/25/2023
Wine - Sauvignon Blanc Oyster,325,78.08,Quatz,11/14/2022,clothing,1.3,Red,wood,1/23/2023
Tamarillo,837,84.38,Myworks,,electronics,7.8,Fuscia,plastic,3/22/2023
Kippers - Smoked,925,1.71,Linktype,,clothing,6.2,Indigo,plastic,7/17/2022
Cheese - Parmesan Cubes,48,11.67,Mita,,electronics,,Crimson,metal,2/14/2022
Sprouts - Alfalfa,257,59.54,Kimia,,electronics,,Crimson,wood,7/2/2022
"Crush - Orange, 355ml",377,60.04,Livetube,,clothing,9.3,Fuscia,metal,8/18/2022
Oxtail - Cut,97,84.51,Yambee,8/16/2022,clothing,2.7,Crimson,plastic,12/22/2022
Shrimp - Tiger 21/25,878,56.82,Skyvu,,clothing,6.7,Turquoise,wood,10/27/2022
Energy Drink - Franks Pineapple,700,68.02,Edgeclub,,food,9.6,Mauv,plastic,8/18/2022
Cheese - Bakers Cream Cheese,448,62.91,Skynoodle,,electronics,3.5,Crimson,plastic,11/3/2023
Soup - Campbells Chili,980,18.47,Mudo,,electronics,,Khaki,metal,11/9/2022
Towel Dispenser,760,66.44,Gigabox,,electronics,3.4,Aquamarine,plastic,5/4/2023
Island Oasis - Raspberry,676,82.23,Snaptags,,clothing,2.1,Khaki,plastic,11/27/2022
Stainless Steel Cleaner Vision,888,70.64,Edgeify,1/27/2023,food,9.9,Green,plastic,11/18/2023
Cup - Translucent 7 Oz Clear,550,33.33,Livetube,,electronics,0.8,Crimson,wood,6/3/2023
Urban Zen Drinks,4,81.91,Quaxo,,electronics,5.8,Khaki,wood,11/27/2023
Squash - Pepper,625,88.31,Photobug,10/5/2022,food,,Purple,plastic,5/9/2022
"Oregano - Dry, Rubbed",28,59.59,Twitterwire,,clothing,7.5,Turquoise,wood,10/18/2023
Juice - Mango,890,13.95,Meevee,,electronics,5.1,Teal,metal,6/17/2023
White Fish - Filets,888,44.29,Abata,,clothing,0.4,Mauv,metal,2/10/2023
Pear - Prickly,512,43.78,Blognation,,food,6.9,Crimson,metal,10/3/2023
Pepper - Yellow Bell,400,96.98,Livetube,,clothing,5.0,Orange,metal,3/5/2023
"Cod - Salted, Boneless",437,80.09,Flashspan,,electronics,6.1,Pink,plastic,11/14/2022
Barley - Pearl,182,52.64,Skidoo,,electronics,3.5,Mauv,plastic,1/13/2022
Hersey Shakes,933,65.4,Blogspan,,electronics,3.4,Puce,plastic,9/12/2022
Venison - Striploin,953,44.34,Aimbu,,electronics,0.6,Aquamarine,metal,7/28/2022
"Quail - Whole, Boneless",438,92.13,Youopia,,food,7.4,Yellow,plastic,5/29/2023
Wine - Conde De Valdemar,563,29.14,Mydeo,,food,7.0,Orange,plastic,5/19/2022
"Nut - Cashews, Whole, Raw",581,12.64,Edgeblab,,clothing,3.4,Red,metal,6/4/2022
Vaccum Bag - 14x20,988,45.59,Dynabox,9/24/2023,food,6.7,Teal,wood,5/19/2023
V8 Splash Strawberry Kiwi,24,75.91,Rooxo,,food,3.8,Indigo,wood,11/6/2023
Wine - Toasted Head,382,74.56,Skyble,,electronics,2.6,Purple,metal,4/10/2022
"Vermouth - White, Cinzano",397,31.27,Teklist,,clothing,,Blue,wood,1/20/2022
Kiwi,402,85.8,Flipopia,,clothing,,Yellow,plastic,8/29/2022
Wine - Lamancha Do Crianza,27,51.87,Snaptags,10/31/2023,electronics,8.4,Green,metal,4/26/2022
Flour - Fast / Rapid,865,38.9,Trudeo,,electronics,1.7,Green,plastic,6/18/2023
"Quail - Eggs, Fresh",781,9.77,Skinte,,clothing,,Mauv,metal,8/17/2023
Wine - Carmenere Casillero Del,785,45.74,Quimba,,clothing,,Purple,wood,8/21/2023
Tuna - Bluefin,275,69.18,Oyoba,8/12/2022,food,,Pink,plastic,4/18/2023
Plaintain,567,11.64,Eidel,,clothing,,Purple,wood,7/25/2023
Appetizer - Escargot Puff,973,10.86,Skimia,,food,3.4,Red,plastic,12/25/2023
Remy Red Berry Infusion,433,93.61,Devshare,,electronics,7.7,Goldenrod,metal,12/20/2022
Bread - Raisin,710,0.12,Jaxworks,,food,8.9,Green,plastic,7/15/2023
Wine - Penfolds Koonuga Hill,480,78.21,Skimia,,clothing,1.9,Mauv,wood,8/31/2022
"Cheese - Boursin, Garlic / Herbs",752,2.2,Skivee,,electronics,,Khaki,metal,9/24/2022
Oranges,964,71.42,Riffpath,,clothing,9.7,Crimson,plastic,7/16/2023
Pears - Bosc,955,77.33,Trunyx,,clothing,3.2,Yellow,wood,1/8/2022
Cheese - Augre Des Champs,445,77.56,Gigabox,,clothing,3.3,Green,plastic,7/18/2022
Cheese - Oka,662,50.86,Kazio,,electronics,,Aquamarine,metal,7/24/2022
Temperature Recording Station,239,50.28,Geba,,clothing,2.6,Green,wood,8/8/2023
Muffin Mix - Banana Nut,376,85.98,Babbleblab,,food,,Blue,plastic,6/6/2023
Muffin Hinge - 211n,844,61.66,Quatz,,electronics,0.8,Purple,metal,11/22/2023
"Lamb - Leg, Boneless",514,74.45,Babblestorm,,clothing,,Fuscia,plastic,3/9/2022
Lettuce - Lambs Mash,237,17.46,Photobug,,food,,Turquoise,metal,7/9/2023
Amaretto,556,55.39,Realbuzz,,electronics,9.6,Orange,metal,8/9/2023
Island Oasis - Pina Colada,20,73.38,Pixoboo,,electronics,,Maroon,wood,2/19/2023
"Chocolate - Semi Sweet, Calets",745,14.49,Browsebug,6/18/2023,clothing,3.5,Blue,metal,9/12/2022
Cookies Cereal Nut,282,0.3,Kwinu,,electronics,1.2,Red,metal,1/3/2023
"Nut - Cashews, Whole, Raw",380,95.59,Mydo,,clothing,,Indigo,metal,7/5/2023
"Veal - Brisket, Provimi, Bone - In",73,1.87,Tanoodle,,clothing,,Red,wood,11/15/2023
Cheese - Marble,212,17.96,Wordtune,,electronics,7.8,Maroon,plastic,5/15/2023
Ostrich - Prime Cut,7,33.18,Ooba,,electronics,3.9,Crimson,wood,12/26/2023
Bacardi Limon,649,81.84,Latz,,electronics,2.0,Goldenrod,metal,4/19/2023
Chocolate Bar - Oh Henry,293,7.79,Meemm,,clothing,,Yellow,wood,10/29/2022
Country Roll,107,11.76,Mynte,,electronics,,Goldenrod,wood,7/3/2023
"Lid - High Heat, Super Clear",21,57.82,Talane,,food,5.8,Orange,plastic,5/15/2023
Ecolab - Mikroklene 4/4 L,675,84.34,Flipstorm,8/18/2022,electronics,4.1,Purple,metal,10/9/2022
"Nut - Almond, Blanched, Sliced",195,34.56,Camido,,electronics,,Blue,metal,11/17/2022
Snapple Lemon Tea,296,51.59,Jabbertype,,clothing,2.0,Turquoise,plastic,10/19/2023
"Veal - Tenderloin, Untrimmed",916,24.75,Demivee,,food,,Fuscia,plastic,11/13/2022
Crackers - Trio,267,35.8,Fanoodle,,electronics,,Puce,plastic,1/22/2023
Vinegar - Cider,131,21.0,Skyvu,1/24/2022,electronics,9.4,Orange,plastic,7/28/2023
Chips - Miss Vickies,979,66.39,Abatz,,clothing,8.8,Puce,metal,9/23/2022
Iced Tea Concentrate,528,25.3,Tagopia,3/19/2023,clothing,,Green,metal,12/14/2023
Cake - Miini Cheesecake Cherry,132,45.77,Wikido,11/17/2022,clothing,,Violet,plastic,6/9/2022
"Beans - Black Bean, Dry",556,88.46,Talane,,food,,Mauv,metal,10/21/2022
Rice - Long Grain,286,63.63,Ntags,,clothing,,Yellow,metal,5/6/2022
Snapple - Iced Tea Peach,641,76.72,Skivee,,clothing,8.4,Pink,wood,2/18/2022
Wine - Sauvignon Blanc,947,92.69,Babbleopia,,electronics,8.5,Fuscia,wood,3/10/2022
Wine - Rioja Campo Viejo,27,76.82,Edgepulse,,food,2.4,Purple,metal,4/6/2023
Bread - Italian Sesame Poly,115,34.43,Zoovu,,electronics,3.1,Red,metal,1/24/2022
Gooseberry,342,89.94,Riffpath,,electronics,5.5,Mauv,plastic,1/4/2022
Pastry - Carrot Muffin - Mini,952,80.69,Roomm,3/27/2022,food,1.2,Turquoise,metal,8/29/2022
"Croissant, Raw - Mini",771,84.82,Blogtags,,clothing,,Orange,plastic,3/9/2023
Flour - Semolina,666,17.83,Dabshots,,food,6.5,Fuscia,plastic,1/3/2022
Vector Energy Bar,871,56.13,Abatz,,electronics,6.4,Green,metal,12/11/2023
Pomello,577,14.54,Voonyx,,clothing,6.3,Teal,plastic,1/28/2023
Buffalo - Short Rib Fresh,634,96.27,Voonix,,electronics,6.9,Orange,wood,5/24/2023
Chicken Breast Halal,781,70.42,Browsedrive,,food,2.1,Orange,plastic,3/4/2022
Ezy Change Mophandle,445,51.11,Thoughtworks,,food,,Goldenrod,metal,2/28/2023
"Bread - Pita, Mini",578,34.83,Livepath,,clothing,5.0,Goldenrod,plastic,2/2/2022
Coffee Caramel Biscotti,30,51.6,Riffwire,,electronics,7.3,Blue,plastic,4/2/2023
Versatainer Nc - 888,828,15.78,Eare,,food,8.2,Yellow,metal,9/20/2022
Juice - V8 Splash,608,53.43,Topiclounge,,food,5.9,Aquamarine,wood,5/18/2022
Lemons,856,86.52,Gevee,,food,5.6,Mauv,metal,7/29/2022
Milk 2% 500 Ml,42,7.42,Livefish,,clothing,6.8,Teal,plastic,5/6/2023
"Nut - Walnut, Chopped",842,68.57,Youspan,,electronics,0.7,Crimson,metal,1/28/2022
"Pesto - Primerba, Paste",10,67.69,Oyonder,,food,3.6,Indigo,wood,1/31/2023
Island Oasis - Raspberry,718,82.77,InnoZ,,food,4.9,Pink,wood,4/5/2023
"Roe - Lump Fish, Black",111,90.23,Eamia,,clothing,0.6,Purple,metal,2/20/2023
Arctic Char - Fillets,288,14.06,Avamba,,food,5.7,Goldenrod,plastic,4/18/2022
Chocolate Bar - Smarties,591,65.23,Roodel,10/9/2022,clothing,3.3,Puce,metal,3/15/2022
Bagel - 12 Grain Preslice,8,57.0,Centimia,,electronics,3.4,Fuscia,plastic,5/11/2022
Beer - Rickards Red,989,1.88,Lazzy,,electronics,8.8,Puce,metal,4/10/2022
Squash - Pepper,979,18.59,Chatterbridge,,food,7.7,Purple,plastic,9/5/2023
Figs,174,85.86,Skyvu,,food,9.2,Yellow,wood,6/13/2023
Rappini - Andy Boy,592,79.53,Tazz,,electronics,0.3,Goldenrod,metal,6/4/2022
Oil - Sunflower,419,49.0,Buzzdog,,clothing,,Yellow,metal,6/22/2022
Wine - Pinot Noir Stoneleigh,522,55.08,Ailane,,electronics,,Red,metal,9/23/2023
"Ecolab - Orange Frc, Cleaner",911,27.35,Topicstorm,,electronics,7.5,Fuscia,wood,5/21/2022
Lobster - Live,610,34.94,Buzzshare,,food,,Crimson,wood,4/24/2023
Wine - Port Late Bottled Vintage,580,54.06,Zoovu,,electronics,4.0,Yellow,metal,8/2/2022
Mcgillicuddy Vanilla Schnap,486,58.35,Roombo,,food,1.8,Pink,plastic,3/3/2023
"Veal - Brisket, Provimi, Bone - In",654,26.59,Tagcat,,food,6.0,Maroon,metal,2/7/2023
Apples - Sliced / Wedge,585,0.21,Snaptags,,electronics,,Maroon,wood,12/6/2023
Cheese - Provolone,480,72.91,Realmix,,food,4.8,Pink,wood,1/7/2022
"Nut - Almond, Blanched, Ground",366,22.22,Skyba,,food,5.9,Green,metal,12/2/2023
Chips - Assorted,881,12.57,Quaxo,,electronics,,Blue,wood,5/31/2023
"Beef - Baby, Liver",992,71.96,Realpoint,,clothing,7.7,Orange,wood,8/9/2022
Tequila - Sauza Silver,491,23.81,Layo,,electronics,3.6,Purple,wood,8/7/2022
Towel Dispenser,909,68.87,Feedfire,,food,,Purple,wood,6/30/2022
Pork - Hock And Feet Attached,704,97.35,Mynte,,clothing,7.4,Teal,plastic,10/6/2022
Chevere Logs,686,3.61,Photojam,,clothing,7.9,Fuscia,plastic,10/24/2023
Yoplait Drink,446,8.51,Flashpoint,,food,,Maroon,metal,5/2/2023
Daikon Radish,365,81.73,Meevee,,food,6.8,Orange,metal,5/8/2023
Piping - Bags Quizna,29,74.22,Thoughtbridge,,food,9.2,Fuscia,plastic,7/28/2022
Island Oasis - Ice Cream Mix,212,16.59,Kwimbee,,clothing,7.1,Aquamarine,metal,10/14/2022
Longos - Assorted Sandwich,749,61.43,Brightdog,2/19/2023,clothing,,Crimson,plastic,4/25/2023
"Napkin - Cocktail,beige 2 - Ply",782,28.12,Thoughtbridge,,food,3.8,Crimson,wood,7/6/2023
Mousse - Passion Fruit,634,28.67,Zoomdog,,clothing,1.9,Violet,metal,5/5/2022
Spaghetti Squash,859,58.9,Skyba,,food,0.2,Puce,wood,9/28/2022
"Lamb - Leg, Diced",592,64.71,Oba,,electronics,0.7,Green,plastic,11/12/2022
Wine - Semi Dry Riesling Vineland,48,35.3,Wikizz,,clothing,6.6,Puce,metal,10/9/2023
Veal - Sweetbread,697,64.34,Fadeo,,clothing,9.6,Fuscia,metal,10/29/2023
"Soup - Campbells, Cream Of",252,79.14,Zoozzy,2/26/2022,electronics,6.8,Mauv,plastic,1/24/2023
Wine - Rosso Del Veronese Igt,977,0.24,Mydeo,,food,,Red,metal,11/20/2023
Island Oasis - Raspberry,951,12.61,Kazio,3/19/2022,electronics,,Pink,wood,2/27/2023
Island Oasis - Ice Cream Mix,362,3.72,Yadel,,clothing,9.5,Orange,metal,3/17/2023
"Nut - Pecan, Halves",425,45.04,Chatterpoint,,electronics,0.5,Crimson,wood,9/4/2023
Smoked Paprika,92,4.24,Aivee,,food,0.4,Aquamarine,metal,2/27/2022
"Soup - Beef, Base Mix",167,61.62,Fivespan,,electronics,,Yellow,metal,7/15/2022
Coconut Milk - Unsweetened,644,21.9,Tekfly,,food,3.3,Pink,plastic,1/17/2022
Sugar - Palm,653,84.08,Innojam,11/10/2023,electronics,,Yellow,metal,4/16/2022
Red Cod Fillets - 225g,810,11.18,Kaymbo,,electronics,0.7,Crimson,metal,1/10/2022
Shrimp - Black Tiger 16/20,502,79.96,Avamm,,food,0.7,Green,wood,5/25/2022
Chocolate - Unsweetened,42,67.81,Vinte,,electronics,7.9,Orange,wood,9/21/2023
"Salmon - Atlantic, No Skin",668,61.05,Jabberstorm,,clothing,8.3,Fuscia,metal,7/9/2023
Veal - Sweetbread,769,89.16,Talane,6/23/2023,clothing,5.1,Fuscia,wood,7/28/2022
Pate - Peppercorn,392,77.79,Teklist,,food,,Violet,plastic,12/12/2022
Puree - Raspberry,369,60.62,Flashset,,clothing,9.6,Turquoise,plastic,9/18/2023
Beef - Ground Lean Fresh,398,28.8,Skilith,11/16/2022,food,4.1,Violet,metal,5/5/2022
Soup V8 Roasted Red Pepper,578,55.12,InnoZ,8/10/2022,electronics,1.7,Blue,metal,1/23/2023
Radish,397,32.65,Twitternation,,clothing,2.1,Purple,plastic,12/11/2023
Pepper - Red Chili,244,20.34,Browsebug,,food,5.6,Teal,metal,1/14/2023
Shopper Bag - S - 4,886,70.49,Flipbug,,electronics,0.9,Crimson,plastic,6/14/2023
Quiche Assorted,961,46.36,Kimia,,food,3.6,Aquamarine,metal,5/20/2022
Wonton Wrappers,381,50.7,Ooba,,clothing,,Red,plastic,11/16/2022
Ham - Cooked Bayonne Tinned,460,74.62,Realcube,4/19/2022,electronics,4.7,Turquoise,plastic,1/14/2022
Compound - Raspberry,596,72.2,Edgeblab,,food,2.0,Goldenrod,plastic,8/1/2022
Wine - Sauvignon Blanc Oyster,930,24.4,Ooba,,food,7.0,Turquoise,metal,1/19/2023
Oil - Cooking Spray,894,75.34,Ailane,,clothing,8.9,Teal,metal,6/26/2023
Soup - Campbells Asian Noodle,143,6.99,Rhyzio,6/10/2023,clothing,9.5,Orange,wood,8/24/2022
Longos - Chicken Curried,473,62.28,Plambee,,food,6.2,Blue,metal,9/26/2023
Cookie - Oatmeal,392,16.25,Leenti,,clothing,1.2,Khaki,plastic,3/26/2023
Sobe - Tropical Energy,390,99.3,Flashset,5/14/2022,clothing,2.6,Red,plastic,12/30/2023
Olives - Morracan Dired,294,91.31,Zoozzy,,electronics,8.8,Goldenrod,metal,10/31/2023
Spice - Peppercorn Melange,355,7.62,Thoughtmix,,clothing,1.8,Maroon,wood,1/7/2022
Garam Masala Powder,588,51.09,Feedspan,,food,7.8,Goldenrod,metal,8/27/2022
"Pepper - Julienne, Frozen",395,59.8,Vidoo,,clothing,,Purple,wood,12/18/2023
"Soup - Beef Conomme, Dry",281,31.88,Innojam,12/3/2023,clothing,,Crimson,plastic,12/10/2023
"Fish - Atlantic Salmon, Cold",743,74.04,Reallinks,,electronics,,Mauv,metal,8/23/2023
Salmon - Fillets,728,46.15,Layo,,electronics,,Violet,wood,6/24/2023
Soup Campbells Split Pea And Ham,656,16.31,Shuffletag,,food,6.0,Crimson,wood,4/15/2023
Coffee - Decafenated,739,72.59,Nlounge,7/14/2022,food,6.7,Violet,wood,2/18/2022
"Pepper - Green, Chili",697,59.2,Meemm,,food,5.6,Turquoise,plastic,11/30/2022
Cake - Pancake,646,13.91,Wordware,,food,2.2,Purple,plastic,8/15/2022
"Mushroom - Trumpet, Dry",838,90.93,Linkbridge,1/17/2022,electronics,9.2,Violet,wood,1/19/2022
Sardines,406,50.28,Ozu,,electronics,,Khaki,plastic,12/17/2023
Crackers - Water,240,22.08,Bluejam,,food,10.0,Khaki,metal,9/4/2022
Tea - Herbal - 6 Asst,380,24.95,Feedfish,,electronics,7.8,Fuscia,wood,8/18/2023
Chef Hat 20cm,568,76.79,Babbleblab,5/13/2022,electronics,6.4,Turquoise,metal,3/23/2022
Chocolate Liqueur - Godet White,72,31.02,Skyndu,3/22/2022,clothing,,Yellow,plastic,5/8/2022
Ecolab - Lime - A - Way 4/4 L,690,40.88,Minyx,,clothing,4.7,Teal,wood,4/23/2023
Pear - Asian,85,86.23,Dynava,,clothing,9.2,Turquoise,plastic,5/5/2023
"Carrots - Mini, Stem On",86,25.27,Dazzlesphere,,clothing,5.2,Khaki,metal,11/1/2022
"Iced Tea - Lemon, 460 Ml",420,64.54,Plajo,,electronics,,Mauv,wood,3/6/2022
Compound - Orange,74,91.84,Brainlounge,,food,8.3,Aquamarine,metal,7/27/2022
Ham - Cooked,727,55.75,Yozio,,clothing,4.5,Goldenrod,plastic,12/25/2023
Wood Chips - Regular,593,72.15,Mycat,,food,7.2,Yellow,plastic,11/1/2023
Sword Pick Asst,350,22.16,Meetz,,clothing,,Goldenrod,metal,5/19/2023
Tomatoes Tear Drop,618,41.23,Skinder,,clothing,7.6,Indigo,wood,6/20/2022
Beets - Golden,768,84.29,Camimbo,,clothing,0.4,Turquoise,wood,8/19/2022
Crackers Cheez It,901,18.35,Brainbox,,clothing,8.0,Fuscia,wood,2/2/2023
Bread - Crusty Italian Poly,716,98.46,Livefish,,clothing,4.1,Puce,plastic,1/17/2022
Cranberries - Fresh,454,59.11,Dynazzy,,electronics,,Mauv,wood,12/16/2023
Dc - Frozen Momji,353,83.95,Divanoodle,,food,,Goldenrod,wood,2/14/2022
Bar Nature Valley,450,91.21,Mydeo,,electronics,1.3,Violet,metal,3/20/2023
Tea - Orange Pekoe,862,86.79,Rooxo,,electronics,4.4,Khaki,metal,11/22/2023
Tea - Jasmin Green,208,42.1,Linklinks,,food,1.9,Mauv,metal,6/6/2022
Bread - Olive Dinner Roll,567,48.02,Devbug,,clothing,1.6,Pink,plastic,1/26/2023
Devonshire Cream,854,81.53,Topdrive,,food,2.8,Goldenrod,metal,9/14/2022
Pepper - Chilli Seeds Mild,644,2.96,Mymm,,clothing,0.5,Blue,plastic,3/7/2023
"Lobster - Baby, Boiled",85,84.67,Chatterbridge,12/2/2022,clothing,7.7,Red,metal,4/20/2022
Tuna - Salad Premix,677,2.24,Fivebridge,,food,9.8,Maroon,metal,6/11/2023
Mustard Prepared,765,1.07,Oyonder,,clothing,9.0,Red,plastic,12/22/2022
Wine - Alicanca Vinho Verde,326,37.24,InnoZ,,electronics,3.4,Aquamarine,metal,4/7/2023
Bread - Hot Dog Buns,963,56.88,Zoomzone,2/8/2023,electronics,7.4,Aquamarine,wood,9/9/2023
Mustard Prepared,473,28.86,Kare,,clothing,9.8,Maroon,wood,8/2/2023
"Ice - Clear, 300 Lb For Carving",405,13.57,Layo,,food,7.8,Red,wood,11/16/2023
Bread - Raisin,948,0.6,Aimbu,,food,7.8,Pink,metal,10/4/2023
Garbage Bags - Black,229,54.69,Ooba,,electronics,6.9,Purple,plastic,2/23/2022
Lemonade - Pineapple Passion,55,66.37,InnoZ,,electronics,2.1,Purple,plastic,3/31/2022
Cheese - Parmesan Cubes,389,15.48,Photospace,,clothing,4.5,Aquamarine,wood,4/24/2022
Glycerine,982,91.92,Shuffledrive,,electronics,4.4,Turquoise,plastic,3/1/2023
"Lid - High Heat, Super Clear",254,84.03,Jabbersphere,,clothing,7.7,Puce,plastic,6/18/2023
Kirsch - Schloss,697,66.19,Oyondu,,clothing,5.3,Purple,wood,2/14/2023
Laundry - Bag Cloth,366,16.17,Riffpedia,,clothing,1.6,Teal,metal,9/2/2022
Mushroom - Chanterelle Frozen,263,51.52,Abata,,electronics,,Fuscia,plastic,12/2/2023
"Doilies - 12, Paper",801,23.97,Twitterbeat,,clothing,,Purple,plastic,1/19/2022
"Pasta - Lasagne, Fresh",328,82.64,Twimbo,,electronics,2.1,Maroon,plastic,5/19/2023
Oil - Pumpkinseed,843,45.72,Gigazoom,1/3/2022,electronics,9.1,Maroon,metal,1/4/2023
Bread - Italian Roll With Herbs,470,42.11,Tavu,,food,4.6,Blue,plastic,9/29/2023
Cheese - Gorgonzola,163,81.41,Skimia,8/26/2022,clothing,6.5,Indigo,metal,11/12/2022
Lamb Leg - Bone - In Nz,751,62.09,Plambee,6/20/2023,clothing,1.5,Indigo,wood,6/3/2022
Cucumber - Pickling Ontario,267,27.85,Quatz,,food,6.2,Crimson,wood,10/14/2023
Island Oasis - Banana Daiquiri,629,7.83,Feedmix,,food,7.8,Red,plastic,2/4/2022
Asparagus - Mexican,28,86.32,Yakitri,,food,7.5,Pink,wood,1/19/2022
Bread - Onion Focaccia,708,28.5,Edgepulse,,clothing,,Indigo,wood,12/27/2022
"Oil - Truffle, Black",357,70.33,Pixonyx,,food,9.3,Orange,plastic,2/26/2023
"Mushroom - Enoki, Dry",661,46.96,Brainlounge,,electronics,3.5,Fuscia,metal,7/27/2023
Cornflakes,264,7.01,Meevee,,clothing,8.3,Green,wood,2/17/2023
"Oregano - Dry, Rubbed",600,57.61,Npath,,electronics,2.6,Teal,wood,3/25/2022
Salmon - Canned,73,38.33,Flipbug,,electronics,3.1,Fuscia,metal,2/18/2023
"Chocolate - Pistoles, Lactee, Milk",707,86.85,Nlounge,,clothing,9.4,Turquoise,metal,11/30/2023
Pepper - Red Thai,403,84.05,Rhynoodle,7/30/2022,food,,Pink,metal,2/9/2022
Cheese Cloth,66,71.82,Realblab,,clothing,1.7,Orange,plastic,7/4/2022
Tea Peppermint,79,6.83,Gabtype,,food,1.9,Mauv,metal,2/10/2022
Chicken - White Meat With Tender,645,72.41,Brightbean,,food,3.1,Mauv,wood,1/15/2022
Mushroom - King Eryingii,20,84.55,Yamia,,food,7.2,Blue,metal,2/27/2022
"Cheese - Boursin, Garlic / Herbs",74,73.01,Meetz,,electronics,6.8,Khaki,wood,5/20/2023
Soup - Chicken And Wild Rice,251,94.58,Centidel,,electronics,5.2,Aquamarine,plastic,11/2/2023
Beans - Fine,87,12.27,Flipopia,12/30/2023,clothing,4.7,Teal,plastic,3/1/2023
Beans - Yellow,210,25.16,Brainbox,,clothing,,Aquamarine,wood,1/23/2023
Shichimi Togarashi Peppeers,846,3.53,Gabcube,,food,2.3,Blue,metal,5/12/2023
"Nut - Pistachio, Shelled",166,32.64,Twinte,,electronics,0.8,Turquoise,metal,1/2/2023
Cheese - Roquefort Pappillon,999,22.88,Trudeo,,clothing,5.6,Teal,wood,1/1/2023
Carbonated Water - Orange,570,24.98,Gabcube,,food,9.7,Crimson,plastic,1/18/2022
Lettuce - Spring Mix,263,23.2,Zava,,clothing,6.2,Puce,wood,12/6/2022
Yoghurt Tubes,990,54.36,Jazzy,,food,4.0,Turquoise,wood,3/26/2022
Graham Cracker Mix,844,45.1,Realcube,5/31/2022,electronics,5.6,Yellow,wood,10/30/2022
Bread - Burger,198,35.31,Fliptune,6/6/2022,electronics,6.2,Mauv,wood,1/3/2022
Wine La Vielle Ferme Cote Du,746,36.2,Browsezoom,,electronics,9.3,Pink,metal,12/16/2023
Juice - V8 Splash,497,32.2,Meeveo,,clothing,8.2,Indigo,metal,2/12/2022
Garbage Bags - Black,563,63.78,Zava,6/20/2022,electronics,6.8,Goldenrod,plastic,11/4/2023
Water - Aquafina Vitamin,96,47.55,Pixonyx,,food,,Puce,plastic,4/15/2023
"Rum - Coconut, Malibu",238,77.94,Eire,,electronics,,Khaki,plastic,3/31/2022
"Appetizer - Mini Egg Roll, Shrimp",116,71.75,Tagfeed,,food,5.9,Purple,plastic,9/19/2022
Chips Potato All Dressed - 43g,538,94.26,Centimia,,electronics,8.7,Fuscia,plastic,7/23/2022
Cheese - La Sauvagine,858,79.05,Devbug,,clothing,4.1,Red,plastic,4/12/2023
Raisin - Dark,993,83.69,Dablist,,clothing,7.2,Yellow,metal,4/16/2022
Bagel - 12 Grain Preslice,597,67.07,Mydo,,food,8.7,Khaki,wood,2/4/2023
"Rosemary - Primerba, Paste",121,68.67,Fatz,,clothing,9.5,Pink,wood,5/16/2023
Container - Clear 16 Oz,742,68.97,Dabvine,,food,9.1,Turquoise,wood,6/3/2023
French Pastry - Mini Chocolate,747,80.36,Meemm,,clothing,5.2,Fuscia,plastic,5/20/2022
Garbag Bags - Black,775,49.05,Skippad,,electronics,7.2,Red,wood,5/10/2023
Juice - Apple 284ml,170,47.82,Thoughtmix,,clothing,,Turquoise,plastic,2/22/2023
Lemon Pepper,142,25.69,Youtags,,food,5.8,Green,plastic,7/15/2022
Wine - Prosecco Valdobienne,745,85.76,Flashpoint,,electronics,6.1,Blue,wood,9/18/2022
"Turnip - White, Organic",621,79.32,Photobean,7/4/2022,food,1.0,Crimson,wood,12/7/2023
French Kiss Vanilla,240,3.06,Avaveo,,food,,Purple,metal,2/21/2023
Wine - Casillero Deldiablo,732,5.98,Divanoodle,,clothing,,Blue,plastic,4/29/2022
Curry Paste - Green Masala,666,97.56,Browsedrive,,clothing,7.9,Khaki,wood,9/6/2023
Bread - Dark Rye,226,83.87,Twinte,2/15/2022,food,3.3,Puce,metal,12/26/2022
Beets,857,76.23,Zoomdog,12/13/2022,food,9.9,Indigo,metal,4/1/2023
"Pepper - Paprika, Spanish",456,63.85,Eazzy,,food,,Pink,metal,3/28/2023
"Wine - White, Mosel Gold",719,15.28,Thoughtstorm,5/25/2022,food,2.2,Puce,plastic,7/29/2023
Flavouring - Rum,264,90.56,Avaveo,,electronics,7.2,Violet,plastic,6/10/2022
Sambuca - Opal Nera,768,82.86,Skinte,,food,4.0,Pink,metal,9/9/2023
Lotus Root,912,22.6,Trudoo,,clothing,6.3,Puce,wood,12/10/2022
Wine - Spumante Bambino White,514,94.75,Trudeo,,food,,Orange,metal,7/20/2023
Bread - Olive Dinner Roll,48,71.13,Jabbertype,,clothing,,Fuscia,wood,10/12/2023
Oil - Cooking Spray,168,13.76,Yamia,,food,,Khaki,plastic,3/11/2023
Mints - Striped Red,198,85.4,Omba,,electronics,2.3,Yellow,metal,7/11/2022
Potatoes - Mini White 3 Oz,911,65.28,Wordify,,clothing,,Red,wood,4/15/2023
Muffin - Mix - Bran And Maple 15l,420,60.2,Zooxo,,food,5.6,Fuscia,wood,8/30/2022
Pasta - Canelloni,962,44.08,Shuffledrive,,food,8.3,Fuscia,plastic,8/31/2022
"Coconut - Creamed, Pure",484,99.25,Voomm,,electronics,6.2,Red,wood,3/25/2022
Stainless Steel Cleaner Vision,663,39.02,Bubblebox,,food,,Puce,wood,7/25/2022
"Brandy - Orange, Mc Guiness",183,82.43,Vimbo,,clothing,5.5,Pink,metal,5/14/2022
Wine - Conde De Valdemar,396,27.19,Realbridge,,clothing,2.4,Orange,metal,11/10/2023
Crab - Meat,369,81.18,Wordify,,electronics,1.4,Puce,wood,9/24/2023
Tart - Raisin And Pecan,552,64.43,DabZ,,food,,Khaki,metal,8/8/2023
"Doilies - 8, Paper",498,36.49,Realmix,,food,8.8,Pink,wood,5/30/2023
"Turkey - Whole, Fresh",652,46.79,Abata,5/11/2022,food,2.0,Mauv,metal,10/27/2023
Towel Multifold,871,32.25,Miboo,,food,3.9,Turquoise,plastic,11/20/2022
"Chestnuts - Whole,canned",817,18.3,Flashset,7/19/2022,food,8.1,Orange,wood,5/25/2023
Amaretto,738,72.53,Voolith,,food,9.0,Blue,metal,11/27/2023
Beef Wellington,902,95.39,Edgepulse,,clothing,8.8,Orange,metal,5/15/2023
Trueblue - Blueberry Cranberry,413,99.07,Photobug,,food,8.0,Teal,metal,7/28/2023
Turnip - White,680,81.41,Browsetype,,food,7.1,Violet,plastic,12/9/2023
Apricots - Halves,723,43.16,Gigabox,2/25/2023,electronics,8.1,Crimson,plastic,6/7/2022
Coriander - Seed,612,89.1,DabZ,,electronics,6.8,Indigo,metal,5/1/2022
Mushroom - Morel Frozen,640,75.5,Skinix,6/25/2022,food,6.0,Turquoise,metal,9/30/2022
Burger Veggie,927,78.34,Gabtype,,electronics,4.7,Goldenrod,plastic,5/8/2023
Mahi Mahi,146,7.49,Pixonyx,,clothing,6.8,Teal,plastic,6/9/2023
"Vermouth - White, Cinzano",230,80.15,Photojam,12/28/2022,electronics,7.7,Khaki,plastic,10/4/2023
Glove - Cutting,359,31.18,Blognation,,clothing,,Indigo,wood,2/1/2023
Vanilla Beans,20,33.95,Gabvine,3/8/2022,food,6.8,Indigo,metal,7/13/2022
Veal - Slab Bacon,463,5.42,Yodo,,clothing,2.5,Blue,metal,12/3/2022
Beans - Wax,460,10.17,Skinte,,food,6.7,Puce,plastic,8/11/2023
Yokaline,663,22.02,Twitterbeat,,food,3.7,Teal,wood,9/19/2022
Compound - Raspberry,316,48.01,Voomm,12/24/2023,clothing,,Puce,wood,12/12/2023
Cup - Translucent 7 Oz Clear,297,70.19,Skiba,5/23/2023,electronics,4.2,Turquoise,plastic,2/15/2023
V8 - Berry Blend,482,94.17,Skipstorm,,food,6.6,Crimson,plastic,7/18/2023
Flour - Cake,416,32.66,Jaxnation,,food,1.4,Red,metal,12/24/2022
Fudge - Chocolate Fudge,790,88.36,Aimbu,,food,4.0,Red,plastic,12/7/2022
Cinnamon Rolls,675,93.19,Camido,9/14/2022,food,5.3,Puce,plastic,10/26/2022
"Extract - Vanilla,artificial",319,11.5,Lazzy,,clothing,3.5,Green,plastic,10/6/2022
Pimento - Canned,382,85.02,Izio,,electronics,5.9,Puce,plastic,4/27/2023
Veal - Kidney,249,26.14,Jabbersphere,,food,5.2,Teal,metal,3/16/2022
Mace Ground,340,72.57,Skiptube,5/7/2023,food,2.8,Purple,wood,7/29/2022
"Wine - Niagara,vqa Reisling",39,11.18,Rhynoodle,,electronics,,Green,metal,10/9/2022
Sherbet - Raspberry,11,55.83,Eamia,6/14/2023,food,5.5,Goldenrod,wood,8/15/2022
Wiberg Cure,347,19.02,Jazzy,,food,8.6,Fuscia,plastic,1/27/2022
Veal - Heart,872,95.99,Zoomdog,,food,7.9,Teal,metal,8/3/2023
"Wine - Red, Black Opal Shiraz",462,90.0,Jamia,,food,4.5,Aquamarine,plastic,8/22/2023
Bread Sour Rolls,699,12.1,Cogilith,,food,6.7,Puce,plastic,5/3/2022
Hagen Daza - Dk Choocolate,745,85.13,Voonix,,food,4.1,Khaki,metal,1/12/2022
Cookie Dough - Peanut Butter,474,95.43,Zoovu,,electronics,8.0,Violet,metal,11/9/2023
Banana,821,30.82,Pixope,,electronics,2.9,Turquoise,wood,8/16/2022
"Asparagus - Green, Fresh",292,43.46,Youspan,,food,9.8,Crimson,wood,12/22/2023
Tomatoes - Yellow Hot House,626,11.45,Roomm,,electronics,1.4,Mauv,plastic,8/22/2023
Snapple Lemon Tea,835,54.31,Voomm,9/25/2023,clothing,7.2,Green,plastic,1/8/2023
Yeast Dry - Fermipan,997,59.84,Jabberstorm,11/19/2022,clothing,,Maroon,wood,6/28/2023
Passion Fruit,599,62.05,Devshare,10/31/2023,clothing,3.1,Orange,metal,12/26/2023
Wine - Marlbourough Sauv Blanc,253,29.46,Snaptags,,food,1.6,Red,plastic,12/3/2022
Yeast Dry - Fleischman,735,96.36,Twinder,,food,,Red,wood,6/15/2023
Sweet Pea Sprouts,74,93.73,Lazz,,food,8.4,Fuscia,wood,12/7/2023
Soupcontfoam16oz 116con,842,87.85,Feednation,,clothing,6.4,Aquamarine,metal,7/9/2023
Huck Towels White,275,7.69,Gabspot,,electronics,6.2,Teal,wood,10/9/2022
Cheese - Brie Roitelet,896,30.23,Gigazoom,,clothing,,Red,metal,8/14/2022
Lamb Tenderloin Nz Fr,449,47.75,Jabbersphere,3/8/2023,food,,Indigo,plastic,7/16/2023
Bamboo Shoots - Sliced,193,70.02,Meemm,,food,7.5,Green,plastic,8/27/2022
Crackers Cheez It,659,51.33,Trilith,,clothing,0.2,Maroon,metal,11/14/2023
Asparagus - Mexican,566,81.42,Geba,,clothing,8.2,Aquamarine,wood,1/9/2022
Pea - Snow,610,0.59,Youopia,,food,2.8,Puce,wood,6/5/2023
Skewers - Bamboo,632,1.79,DabZ,3/31/2023,electronics,7.7,Indigo,metal,10/13/2022
Wine - Manischewitz Concord,500,57.8,Demimbu,,electronics,,Aquamarine,plastic,1/12/2022
Cherries - Frozen,963,30.05,Yadel,,food,8.6,Pink,wood,4/3/2023
"Water - Spring Water, 355 Ml",798,39.49,Ooba,,food,,Yellow,plastic,6/13/2022
Beer - Creemore,429,93.11,Skipfire,1/16/2023,electronics,,Crimson,metal,7/27/2022
Cape Capensis - Fillet,804,66.21,Katz,,electronics,3.2,Orange,metal,4/28/2022
Star Fruit,836,42.28,Oyoyo,,food,5.6,Teal,metal,6/2/2022
"Crab - Claws, 26 - 30",602,97.71,Buzzdog,,food,8.5,Crimson,wood,10/9/2023
Fib N9 - Prague Powder,962,16.63,Izio,,clothing,2.1,Green,metal,8/21/2022
Blue Curacao - Marie Brizard,791,45.06,Plajo,,food,8.9,Maroon,wood,8/8/2022
"Asparagus - White, Canned",378,42.26,Gevee,1/20/2023,electronics,,Indigo,wood,8/15/2023
Wine - Cousino Macul Antiguas,464,10.03,Meeveo,,clothing,,Aquamarine,wood,12/8/2022
Curry Powder Madras,168,10.79,Yodo,,electronics,3.5,Khaki,wood,3/10/2023
Browning Caramel Glace,659,30.57,Quamba,6/29/2023,electronics,9.8,Teal,plastic,2/13/2023
Wine - Touraine Azay - Le - Rideau,294,16.53,Flashpoint,,food,3.2,Turquoise,wood,1/1/2023
"Wine - Red, Lurton Merlot De",925,67.43,Eayo,11/3/2022,electronics,,Purple,metal,5/10/2023
Mince Meat - Filling,346,98.93,Zoovu,,clothing,,Aquamarine,metal,5/27/2023
Sponge Cake Mix - Chocolate,930,64.51,Flashdog,,electronics,7.5,Red,wood,5/24/2022
Cheese - Cambozola,482,80.63,Zava,,food,,Orange,wood,4/6/2023
Soup - French Onion,807,12.42,Oyonder,,food,1.8,Yellow,wood,9/9/2022
Wine - Magnotta - Cab Sauv,980,18.48,Divanoodle,,electronics,5.6,Maroon,wood,12/4/2022
Grapes - Green,557,56.71,Feedfire,,clothing,3.3,Green,metal,9/18/2022
Flower - Dish Garden,845,87.17,Wordpedia,,clothing,8.7,Yellow,plastic,11/19/2022
Cups 10oz Trans,288,28.77,Rhybox,,clothing,1.9,Aquamarine,wood,6/4/2023
Squid - U 5,459,37.28,Npath,,food,9.5,Blue,plastic,1/26/2022
Chevril,2,22.31,Tagfeed,1/12/2022,clothing,,Fuscia,plastic,12/11/2022
Cheese - Blue,136,59.73,Quatz,,food,1.6,Aquamarine,plastic,1/24/2022
Bar Mix - Lime,565,26.69,Muxo,,food,,Pink,plastic,6/29/2023
Passion Fruit,43,10.13,Katz,,food,,Blue,plastic,12/8/2023
Coffee - 10oz Cup 92961,199,89.33,Fanoodle,,food,2.5,Indigo,wood,9/12/2022
Pepper - Green Thai,778,0.23,Roombo,,food,5.1,Green,wood,10/3/2023
Goat - Leg,243,6.89,Quimba,,food,6.5,Mauv,wood,4/29/2022
Lid - 3oz Med Rec,202,18.85,Plajo,,food,4.0,Fuscia,metal,7/14/2022
Cheese - Perron Cheddar,461,23.94,Meetz,,clothing,0.2,Pink,plastic,12/19/2023
Cake Slab,615,78.22,Eazzy,,electronics,9.2,Khaki,metal,2/26/2023
Muffin Mix - Lemon Cranberry,853,61.63,Fivechat,,clothing,9.7,Indigo,metal,4/10/2022
Bread - English Muffin,924,22.34,Yombu,,electronics,,Violet,plastic,4/22/2022
"Chestnuts - Whole,canned",943,80.39,Browsetype,,clothing,7.8,Purple,metal,6/15/2022
"Schnappes - Peach, Walkers",954,97.12,Tagpad,,electronics,3.2,Indigo,plastic,5/19/2022
Truffle - Peelings,945,98.0,Skinix,10/26/2022,clothing,,Puce,metal,12/18/2023
Cheese - Goat With Herbs,934,2.98,Dablist,,food,7.0,Blue,metal,3/14/2023
"Soup - Knorr, Country Bean",894,43.25,Skynoodle,,clothing,,Fuscia,metal,10/19/2022
Venison - Liver,523,65.81,Feedfish,,electronics,8.8,Purple,metal,3/13/2023
Tequila - Sauza Silver,31,10.22,Thoughtblab,12/30/2023,food,,Teal,plastic,3/25/2023
Melon - Honey Dew,193,2.46,Vimbo,,electronics,,Teal,wood,11/14/2023
"Pineapple - Canned, Rings",699,21.92,Flashspan,,clothing,,Maroon,metal,9/28/2023
Oil - Sunflower,196,18.8,Mynte,,food,,Purple,wood,2/26/2023
Cheese - Roquefort Pappillon,742,3.11,Tagtune,,food,2.8,Puce,metal,8/6/2022
Boogies,681,29.73,Feedbug,11/27/2022,electronics,1.2,Indigo,plastic,3/6/2023
Chevere Logs,584,44.74,Oyope,,clothing,9.5,Orange,metal,10/21/2023
Tea - Apple Green Tea,163,84.29,Brightbean,,electronics,,Turquoise,plastic,7/15/2023
"Pasta - Detalini, White, Fresh",382,8.96,Meeveo,,electronics,9.1,Yellow,plastic,8/30/2022
Vinegar - Cider,621,62.43,Skilith,10/1/2022,electronics,6.0,Pink,wood,9/2/2023
"Rum - Cream, Amarula",852,7.54,Eamia,,food,6.0,Goldenrod,metal,10/14/2022
French Kiss Vanilla,470,83.59,Tekfly,4/7/2022,clothing,6.3,Pink,wood,10/28/2022
Herb Du Provence - Primerba,811,31.47,Dynabox,,clothing,2.9,Puce,metal,5/21/2023
Fish - Bones,329,35.99,Midel,,electronics,4.2,Green,plastic,6/28/2022
Oil - Cooking Spray,342,20.12,Jaxbean,,electronics,1.7,Fuscia,metal,11/23/2023
Plate Pie Foil,238,81.78,Roomm,,food,6.1,Crimson,metal,11/29/2023
Sea Urchin,817,94.54,Feedmix,,clothing,1.0,Purple,metal,12/30/2023
Vodka - Smirnoff,987,19.47,Minyx,,electronics,3.3,Red,wood,2/15/2023
Salt And Pepper Mix - Black,227,8.93,Brainbox,,electronics,5.0,Puce,metal,4/12/2023
Veal - Loin,853,37.69,Jabbersphere,9/13/2022,electronics,3.0,Pink,plastic,1/16/2023
Anisette - Mcguiness,894,5.11,Feednation,,food,5.5,Puce,wood,2/10/2022
Ham - Cooked,423,40.99,Kamba,,electronics,6.3,Indigo,metal,8/6/2023
"Pasta - Gnocchi, Potato",64,43.54,Realfire,,food,,Orange,wood,11/26/2022
Wine - Sogrape Mateus Rose,803,25.54,Edgeify,,electronics,0.8,Mauv,metal,4/26/2022
Danishes - Mini Cheese,405,58.08,Livepath,,electronics,2.6,Indigo,metal,2/24/2022
Pork - Backs - Boneless,623,25.5,Meejo,,electronics,6.5,Green,wood,1/10/2022
Eggplant - Regular,564,8.29,Kamba,,food,1.2,Fuscia,metal,12/10/2022
Sprouts - Corn,300,72.36,Rhyzio,9/15/2023,food,8.0,Purple,metal,9/13/2023
Appetizer - Tarragon Chicken,412,80.7,Feednation,,electronics,3.9,Green,metal,1/4/2023
Liners - Baking Cups,495,43.48,Zava,,food,6.5,Puce,plastic,10/17/2022
Bread - Onion Focaccia,304,83.73,Agimba,,electronics,9.0,Indigo,plastic,6/22/2022
Cucumber - Pickling Ontario,573,42.64,Yakitri,4/5/2022,electronics,4.9,Khaki,wood,11/4/2022
Cheese - Cheddar With Claret,465,8.78,Trilith,,clothing,0.7,Violet,metal,9/11/2023
Wine - Rosso Toscano Igt,948,84.16,Geba,,food,,Blue,plastic,6/29/2023
Pasta - Agnolotti - Butternut,91,91.18,Quinu,,electronics,9.0,Puce,wood,4/2/2023
Pie Shells 10,31,25.64,Kwimbee,6/1/2022,food,,Puce,plastic,9/20/2023
"Apple - Delicious, Golden",47,25.57,Jabbertype,,clothing,4.2,Khaki,wood,11/29/2022
Coffee - Frthy Coffee Crisp,602,95.05,Dabvine,,electronics,8.4,Khaki,plastic,1/17/2022
Wine - Merlot Vina Carmen,722,2.76,Topiczoom,,electronics,6.6,Orange,metal,5/21/2022
Chicken Thigh - Bone Out,408,20.76,Ntag,,electronics,1.6,Orange,plastic,5/19/2022
"Beans - Fava, Canned",725,67.23,Dabfeed,,food,3.2,Purple,metal,3/15/2023
Cookie Choc,228,72.71,Npath,,food,,Violet,plastic,8/16/2022
Bread - Pita,455,80.87,Meevee,,food,1.0,Pink,metal,2/28/2022
"Soup - Knorr, French Onion",815,88.16,Tazz,,food,9.6,Orange,plastic,7/10/2023
Lettuce - Curly Endive,249,73.98,Thoughtmix,,clothing,2.0,Aquamarine,metal,9/2/2023
Ham - Cooked Bayonne Tinned,797,71.87,Midel,,clothing,1.8,Puce,plastic,1/15/2023
Worcestershire Sauce,105,24.65,Zooveo,,clothing,7.8,Teal,wood,9/5/2022
Fennel - Seeds,314,23.84,Ooba,,food,3.4,Red,plastic,3/18/2023
Cakes Assorted,481,91.14,Vidoo,6/24/2023,clothing,,Purple,metal,10/25/2023
Nantucket - Pomegranate Pear,181,77.45,Feedfire,,electronics,9.8,Mauv,plastic,11/26/2022
Eggwhite Frozen,933,78.76,Skibox,,electronics,,Crimson,metal,2/11/2022
"Cherries - Maraschino,jar",696,54.16,Mynte,,electronics,1.7,Teal,wood,11/18/2023
Lid - 16 Oz And 32 Oz,678,41.38,Babbleopia,1/3/2022,electronics,3.4,Teal,plastic,2/1/2022
"Pasta - Shells, Medium, Dry",973,7.1,Kimia,,food,8.7,Goldenrod,wood,8/3/2023
Longos - Chicken Caeser Salad,803,47.9,Browsezoom,,food,6.0,Maroon,plastic,8/20/2022
Cup - 4oz Translucent,679,25.56,Blogtag,,electronics,3.6,Fuscia,plastic,5/28/2023
Wine - Mondavi Coastal Private,849,22.93,Aibox,4/24/2022,electronics,7.2,Khaki,metal,8/15/2022
Ecolab - Solid Fusion,59,5.27,Buzzbean,,clothing,1.7,Khaki,metal,3/4/2022
V8 Splash Strawberry Kiwi,762,24.46,Shufflester,,food,1.2,Khaki,plastic,12/23/2023
Mushroom - White Button,453,21.79,Babbleset,,electronics,3.3,Mauv,wood,10/19/2023
Glaze - Clear,965,83.99,Riffwire,,clothing,9.7,Crimson,wood,8/19/2023
Container - Hngd Cll Blk 7x7x3,414,36.2,Dazzlesphere,9/2/2023,food,4.0,Indigo,plastic,9/9/2022
Juice - Orange 1.89l,340,78.77,Thoughtsphere,,food,6.8,Blue,plastic,8/31/2022
Kirsch - Schloss,940,76.73,Avamm,,clothing,2.9,Fuscia,metal,4/9/2023
Soup - Campbells Mushroom,943,94.7,Zooveo,,electronics,0.4,Pink,plastic,12/12/2023
"Pepper - White, Ground",130,19.86,Jazzy,,food,6.0,Yellow,metal,9/18/2022
Arizona - Green Tea,292,4.63,Tazz,,electronics,9.6,Blue,plastic,10/25/2023
Clam - Cherrystone,515,52.91,Jaxbean,,food,0.5,Maroon,wood,6/23/2023
Tarts Assorted,766,28.14,Devpoint,,electronics,3.0,Violet,metal,8/25/2023
Wine - Jafflin Bourgongone,859,55.18,Trunyx,,clothing,9.9,Goldenrod,metal,5/13/2022
Kellogs All Bran Bars,62,75.93,Zoonder,,food,,Purple,metal,12/4/2023
Mini - Vol Au Vents,203,8.06,Jazzy,,food,1.3,Purple,wood,7/27/2023
Soup V8 Roasted Red Pepper,623,83.94,Thoughtworks,12/23/2023,electronics,8.3,Turquoise,plastic,11/21/2022
Beer - Sleeman Fine Porter,217,14.09,Eidel,,clothing,,Yellow,wood,12/25/2022
Bandage - Flexible Neon,245,7.37,Skipstorm,9/19/2022,clothing,2.6,Yellow,plastic,12/30/2023
Papayas,252,12.17,InnoZ,10/12/2022,clothing,6.2,Indigo,wood,11/21/2022
Orange Roughy 6/8 Oz,638,87.45,Fivechat,,electronics,1.6,Goldenrod,plastic,2/11/2023
"Bread - Multigrain, Loaf",640,52.37,Ailane,,food,8.2,Goldenrod,metal,11/30/2023
Dish Towel,738,77.2,Talane,,clothing,0.4,Red,metal,9/19/2023
Breadfruit,866,91.38,Bluezoom,,electronics,6.8,Pink,metal,9/24/2022
Water - Tonic,595,67.75,Tazzy,,clothing,6.8,Purple,wood,12/29/2022
Tea - Herbal - 6 Asst,849,52.14,Skaboo,,electronics,3.9,Goldenrod,metal,12/3/2022
Red Pepper Paste,382,30.77,Livepath,,clothing,1.8,Mauv,wood,1/16/2023
Compound - Pear,91,10.58,DabZ,,food,4.9,Green,wood,5/27/2022
Flower - Dish Garden,146,72.97,Tanoodle,,food,0.6,Teal,metal,5/17/2023
Puff Pastry - Slab,968,67.44,Pixonyx,7/18/2023,food,1.4,Puce,wood,4/29/2022
Pasta - Cheese / Spinach Bauletti,178,81.84,Shufflester,,electronics,,Pink,plastic,3/19/2022
Table Cloth 54x54 White,845,62.66,Trunyx,12/22/2022,food,,Goldenrod,metal,7/16/2022
Beans - French,350,47.25,Jetwire,,electronics,6.9,Pink,plastic,8/18/2023
Lemon Balm - Fresh,288,46.73,Skimia,,electronics,7.4,Goldenrod,wood,1/28/2022
"Pork - Ham, Virginia",908,89.73,Twitterlist,,clothing,5.7,Maroon,metal,12/6/2023
Dates,313,80.06,Zoomlounge,,food,,Purple,wood,6/18/2022
Tea - Apple Green Tea,702,81.4,Abatz,,food,5.9,Indigo,plastic,7/27/2023
Basil - Thai,461,72.88,Skiptube,,electronics,8.5,Maroon,wood,11/4/2023
"Water - Spring Water, 355 Ml",906,28.73,Buzzster,,clothing,,Khaki,metal,7/21/2023
Cookies - Englishbay Chochip,673,45.27,Edgeblab,12/3/2023,electronics,2.0,Puce,metal,12/19/2023
"Oil - Truffle, Black",759,83.02,Gigabox,,food,9.7,Yellow,plastic,4/1/2022
"Tart Shells - Savory, 3",822,67.64,Meedoo,,electronics,6.4,Orange,wood,12/13/2023
Tomatoes - Heirloom,508,62.58,Gigashots,,clothing,5.5,Green,plastic,6/28/2022
Flour - Chickpea,550,48.19,Mynte,,electronics,8.5,Yellow,plastic,4/12/2023
Bag - Regular Kraft 20 Lb,469,99.68,Jayo,11/6/2022,clothing,7.8,Violet,metal,2/18/2022
"Oil - Truffle, Black",272,91.23,Kanoodle,,electronics,8.2,Puce,metal,2/14/2023
"Bread - Crumbs, Bulk",191,13.43,Meemm,,food,8.8,Orange,wood,3/13/2023
Crush - Cream Soda,699,35.63,Trilith,,clothing,,Green,metal,11/25/2023
Pie Shells 10,40,5.17,Vidoo,,food,4.3,Teal,wood,3/15/2022
Rhubarb,978,98.71,Youspan,7/6/2022,electronics,4.0,Orange,metal,8/5/2022
Clams - Canned,44,68.43,Reallinks,,food,9.4,Green,metal,8/23/2022
Pectin,459,14.56,Quamba,,food,8.5,Puce,plastic,5/14/2023
Onions - Pearl,838,62.41,Wordtune,,clothing,1.6,Blue,wood,5/6/2022
Kale - Red,646,31.96,Buzzshare,,clothing,6.4,Blue,plastic,6/17/2022
Oil - Safflower,325,37.59,Fiveclub,,electronics,0.2,Crimson,plastic,2/13/2022
Daikon Radish,388,26.22,Shufflester,6/16/2023,food,5.9,Indigo,metal,4/14/2022
Cookie Double Choco,826,48.22,Kwinu,11/25/2022,electronics,6.7,Aquamarine,wood,5/12/2023
"Basil - Dry, Rubbed",955,48.92,Tagchat,,food,,Yellow,wood,6/29/2022
Munchies Honey Sweet Trail Mix,680,46.36,Mydeo,11/24/2022,clothing,9.0,Violet,metal,9/4/2023
Ecolab - Medallion,90,80.31,Voonix,,electronics,,Blue,wood,1/20/2022
Cheese - Roquefort Pappillon,838,64.09,Feedmix,12/3/2022,electronics,1.3,Khaki,metal,8/22/2023
"Pasta - Detalini, White, Fresh",669,70.59,Edgeblab,,electronics,6.5,Pink,plastic,9/12/2022
Quinoa,937,71.82,Mynte,,clothing,5.2,Purple,plastic,5/12/2022
Filling - Mince Meat,491,8.38,Leexo,,electronics,7.9,Goldenrod,plastic,1/3/2022
Tomatoes Tear Drop Yellow,708,53.56,Geba,,electronics,9.9,Mauv,plastic,2/20/2022
Kellogs Special K Cereal,13,84.3,Jayo,,food,2.5,Maroon,plastic,9/15/2022
"Rum - Dark, Bacardi, Black",743,54.16,Pixonyx,,electronics,,Puce,metal,1/27/2022
Potatoes - Mini Red,212,61.09,Twimm,,clothing,2.4,Puce,plastic,11/22/2022
Lettuce - Frisee,769,59.39,Skilith,11/19/2023,electronics,5.8,Green,wood,5/9/2022
Vegetable - Base,48,31.13,Meetz,3/14/2022,electronics,,Maroon,metal,3/18/2022
Table Cloth 91x91 Colour,9,97.24,Avamba,,electronics,6.8,Mauv,metal,5/16/2022
Jam - Apricot,320,72.95,Pixope,,clothing,3.5,Turquoise,wood,1/9/2022
Flavouring - Rum,161,80.16,Cogilith,11/3/2022,food,,Puce,metal,10/23/2023
Dikon,323,74.04,Oba,1/14/2023,electronics,4.1,Maroon,plastic,3/9/2022
Iced Tea Concentrate,979,0.52,Meembee,,electronics,,Goldenrod,plastic,9/12/2022
Flour - Strong Pizza,286,81.94,Feedfire,,food,8.5,Orange,wood,8/2/2023
"Beets - Candy Cane, Organic",907,59.72,Riffpath,,electronics,2.1,Khaki,plastic,5/30/2023
Bread - Pain Au Liat X12,962,99.62,Mymm,,electronics,,Khaki,wood,3/16/2023
Zucchini - Green,971,91.13,Linklinks,11/12/2022,electronics,,Indigo,wood,12/29/2022
Juice - Mango,693,98.01,Zava,,food,4.8,Maroon,wood,11/2/2022
"Salmon - Atlantic, Skin On",40,15.02,Eidel,,clothing,4.0,Mauv,metal,7/3/2022
Cafe Royale,721,99.64,Flipbug,9/11/2023,clothing,1.2,Puce,plastic,8/21/2022
Flour - Cake,373,40.36,Avaveo,,food,0.9,Red,metal,7/22/2023
Cheese - Cottage Cheese,843,27.16,Cogidoo,,clothing,9.3,Goldenrod,metal,6/10/2022
Pepper - Red Chili,616,86.33,Twinder,,food,8.8,Blue,metal,6/26/2022
Oil - Olive,613,74.03,Tekfly,,food,4.0,Violet,metal,8/11/2023
Lettuce - Romaine,729,62.44,Zoozzy,,electronics,3.7,Fuscia,metal,2/9/2022
Butter - Salted,736,57.32,Jetwire,12/3/2023,clothing,3.4,Crimson,plastic,5/13/2022
Cheese - Taleggio D.o.p.,259,41.71,Einti,,electronics,,Pink,wood,5/16/2023
"Veal - Inside, Choice",23,27.79,Meemm,8/17/2022,food,2.3,Pink,wood,12/4/2022
Canada Dry,560,22.82,Feedfire,1/15/2023,electronics,3.0,Turquoise,metal,2/12/2022
Wine - Jackson Triggs Okonagan,796,39.79,Yombu,,food,8.2,Orange,wood,9/26/2022
"Radish - Black, Winter, Organic",322,21.18,Voonix,,clothing,9.4,Blue,metal,9/10/2023
Puree - Raspberry,363,75.0,Wikibox,,electronics,,Crimson,metal,6/8/2023
Rice - Basmati,743,59.5,Fivechat,,electronics,6.3,Violet,metal,3/11/2023
Beans - Soya Bean,925,87.62,Tavu,6/10/2023,electronics,4.1,Pink,wood,3/1/2023
Dr. Pepper - 355ml,534,85.84,Youopia,,clothing,5.0,Yellow,wood,5/24/2023
Cheese - Valancey,791,0.28,Skippad,,clothing,2.8,Crimson,wood,3/29/2023
Pineapple - Golden,737,4.38,Browsezoom,7/28/2023,food,1.3,Fuscia,plastic,9/10/2022
"Cheese - Romano, Grated",308,67.97,Wikibox,,clothing,5.6,Khaki,metal,11/19/2022
Rhubarb,176,36.09,Rhybox,,electronics,1.0,Maroon,metal,9/22/2022
Cheese - Cambozola,696,40.0,Riffwire,9/17/2023,electronics,,Teal,metal,1/13/2022
"Tart Shells - Barquettes, Savory",839,81.29,Fliptune,10/5/2023,food,4.7,Yellow,plastic,4/8/2023
Wine - Alsace Riesling Reserve,163,17.44,Skynoodle,,food,,Purple,metal,9/21/2022
Truffle Cups - Brown,533,26.55,Npath,,food,9.8,Puce,metal,6/18/2022
Daikon Radish,774,91.35,Youopia,,clothing,7.2,Orange,wood,7/27/2022
"Syrup - Monin, Irish Cream",186,41.54,Thoughtmix,,food,3.3,Maroon,wood,2/18/2022
Cake - French Pear Tart,882,79.7,Divape,,electronics,7.3,Indigo,metal,9/26/2022
"Bar Mix - Pina Colada, 355 Ml",130,90.64,Oyondu,,clothing,4.3,Khaki,metal,6/23/2023
Hipnotiq Liquor,992,95.02,Zooveo,2/18/2022,clothing,5.2,Blue,plastic,5/1/2022
Clam - Cherrystone,581,73.09,Talane,,electronics,8.2,Maroon,metal,3/1/2022
Chips - Miss Vickies,564,98.59,Plajo,,food,,Blue,metal,11/30/2022
Wine - Zinfandel California 2002,902,18.51,Browsebug,3/25/2023,clothing,6.8,Green,wood,11/25/2022
Frangelico,294,90.57,Cogidoo,,electronics,,Violet,metal,5/13/2022
Flax Seed,864,21.12,Blogtag,,clothing,5.1,Indigo,wood,8/8/2022
"Split Peas - Yellow, Dry",511,79.77,Quatz,,electronics,4.3,Blue,metal,7/27/2023
"Wine - White, Gewurtzraminer",255,26.23,Skilith,,electronics,2.8,Puce,plastic,1/4/2022
Swiss Chard - Red,466,19.04,Flashpoint,,clothing,5.6,Teal,wood,8/6/2022
Tea - Herbal Sweet Dreams,879,80.98,Skaboo,10/20/2022,clothing,,Green,wood,5/26/2023
Bagel - Everything,344,64.35,Yodoo,9/16/2023,electronics,2.8,Green,plastic,3/9/2023
Bread - Rye,672,36.89,Rhybox,,clothing,7.3,Crimson,metal,3/15/2022
Red Cod Fillets - 225g,611,13.22,Tagchat,,electronics,5.1,Red,metal,7/26/2023
Salt - Kosher,624,57.16,Twinte,,food,7.4,Khaki,wood,9/4/2023
Quinoa,878,65.72,DabZ,,food,,Khaki,metal,11/21/2023
Icecream - Dstk Strw Chseck,802,57.57,Riffpath,,clothing,3.1,Orange,metal,7/29/2023
"Butter - Salted, Micro",629,28.69,Katz,,clothing,,Violet,plastic,6/24/2023
Puree - Blackcurrant,415,95.06,Thoughtstorm,,electronics,4.2,Orange,wood,2/15/2023
Appetizer - Chicken Satay,252,91.92,Jayo,,food,6.5,Turquoise,wood,5/31/2022
"Bread - Roll, Soft White Round",824,17.56,Tagchat,,electronics,,Khaki,wood,9/11/2023
Pastry - Banana Muffin - Mini,216,9.65,Linklinks,,food,2.4,Pink,wood,5/3/2022
Peas Snow,71,86.22,Zooxo,,electronics,4.9,Red,plastic,5/25/2023
Vinegar - White Wine,992,53.94,Jetpulse,,electronics,5.5,Indigo,plastic,8/19/2022
Cheese - Cambozola,3,67.31,Dabfeed,,electronics,1.0,Red,metal,4/16/2023
Baking Soda,969,56.59,Skiba,,clothing,7.5,Puce,wood,12/27/2022
Wine - Chablis 2003 Champs,422,0.83,JumpXS,,food,4.4,Goldenrod,plastic,4/14/2022
Cake - Cheese Cake 9 Inch,670,24.83,Blognation,,clothing,3.8,Goldenrod,metal,6/30/2023
Tuna - Fresh,950,24.86,Plajo,,food,4.0,Mauv,plastic,4/13/2023
Wine - Chablis 2003 Champs,334,1.84,Gabcube,,electronics,2.1,Goldenrod,metal,9/4/2022
Lettuce - California Mix,140,95.5,Dynazzy,,clothing,8.0,Orange,wood,10/27/2023
Tarts Assorted,69,29.32,Thoughtstorm,,electronics,8.7,Orange,plastic,3/25/2023
Corn Syrup,773,27.45,Tagfeed,,food,0.6,Purple,metal,11/30/2022
Cheese - Mascarpone,213,76.03,Dabtype,,clothing,5.1,Khaki,wood,11/10/2022
Wine - Magnotta - Bel Paese White,809,64.94,Bubblemix,,electronics,9.5,Khaki,wood,12/4/2022
"Water - Mineral, Natural",856,71.41,Rhynoodle,,clothing,3.0,Goldenrod,metal,1/26/2022
Appetizer - Smoked Salmon / Dill,809,61.23,Dabtype,,electronics,,Khaki,plastic,2/14/2023
Sultanas,917,55.21,Bluejam,,clothing,5.9,Indigo,wood,3/13/2022
"Tabasco Sauce, 2 Oz",272,30.83,Wikizz,,food,5.6,Teal,metal,1/20/2022
"Cake Circle, Foil, Scallop",312,5.11,Jaxbean,,food,,Khaki,plastic,4/13/2023
Apple - Custard,475,29.43,Yakitri,,clothing,9.0,Orange,metal,2/8/2022
"Garlic - Primerba, Paste",931,49.76,Zoovu,,electronics,5.4,Indigo,plastic,1/25/2022
Longos - Assorted Sandwich,438,96.48,Eabox,,electronics,5.9,Turquoise,wood,5/4/2022
Sobe - Lizard Fuel,56,89.02,Kamba,,electronics,2.4,Fuscia,wood,9/14/2022
Sansho Powder,209,5.64,Devshare,3/7/2023,clothing,,Maroon,metal,9/17/2023
"Soup - Knorr, French Onion",527,46.49,Photofeed,,clothing,1.3,Pink,metal,12/13/2022
Soup - Verve - Chipotle Chicken,320,0.99,Dablist,,electronics,1.0,Pink,wood,8/15/2022
Onions - Pearl,139,65.03,Rhyzio,,food,6.9,Violet,metal,9/1/2023
Flour - So Mix Cake White,189,95.25,Oyoyo,,electronics,2.3,Violet,metal,12/31/2022
"Veal - Inside Round / Top, Lean",714,33.31,Blogtag,,clothing,0.4,Mauv,plastic,10/20/2023
Foam Espresso Cup Plain White,618,43.81,Photospace,,electronics,9.4,Indigo,plastic,6/29/2022
Wine - Malbec Trapiche Reserve,390,0.94,Cogidoo,,electronics,4.0,Violet,plastic,1/19/2023
Amaretto,213,21.58,Gabvine,,electronics,,Maroon,plastic,9/4/2023
Longos - Grilled Chicken With,968,41.3,Youfeed,3/11/2023,food,7.8,Crimson,plastic,5/8/2022
Bouq All Italian - Primerba,60,84.91,Wikivu,,food,,Goldenrod,wood,12/24/2022
Sprouts - Bean,791,39.24,Viva,,clothing,10.0,Purple,wood,9/25/2023
Pickles - Gherkins,629,2.91,Roomm,,electronics,6.1,Red,metal,10/31/2023
Steampan - Foil,892,75.46,Realcube,,food,,Orange,metal,9/9/2022
Sprouts - Bean,742,3.58,Cogibox,,clothing,2.3,Turquoise,metal,2/23/2022
"Shrimp - 16/20, Peeled Deviened",644,86.48,Teklist,,food,2.2,Purple,wood,6/9/2022
Towel Multifold,952,95.71,Meembee,,food,3.1,Puce,wood,3/28/2023
Nantuket Peach Orange,789,77.45,Centizu,,food,,Red,plastic,10/16/2022
Wine - Vineland Estate Semi - Dry,786,72.36,Gigabox,,clothing,9.2,Goldenrod,plastic,10/31/2022
Kippers - Smoked,99,26.34,Trudeo,10/5/2022,clothing,7.2,Aquamarine,plastic,11/20/2023
Beef - Top Butt Aaa,968,17.18,Kwinu,,clothing,5.5,Violet,plastic,6/19/2022
Pan Grease,787,30.32,Meejo,,food,1.0,Blue,metal,10/21/2022
Longos - Grilled Veg Sandwiches,376,5.23,Skiba,,electronics,8.9,Indigo,wood,7/1/2022
"Wine - White, Pelee Island",732,4.48,Jabbercube,,clothing,0.9,Turquoise,metal,12/9/2023
Bread - Rosemary Focaccia,943,28.57,Skiptube,4/30/2022,electronics,2.1,Maroon,wood,3/17/2023
Smirnoff Green Apple Twist,204,95.41,Gigabox,,clothing,,Orange,metal,12/1/2023
Wine La Vielle Ferme Cote Du,79,62.63,Babblestorm,,food,,Mauv,wood,12/15/2023
Cheese - Gouda,43,72.47,Kwideo,10/27/2022,food,7.1,Khaki,wood,11/5/2022
Beer - Mcauslan Apricot,774,1.12,Centidel,1/17/2022,clothing,6.7,Fuscia,wood,12/2/2023
Shrimp - 150 - 250,263,28.18,Gabspot,2/7/2022,clothing,5.4,Blue,metal,10/13/2022
Coffee Cup 8oz 5338cd,624,85.06,Devcast,,food,,Puce,wood,2/18/2022
"Mop Head - Cotton, 24 Oz",151,28.61,Feednation,,food,,Violet,plastic,10/23/2023
Crawfish,741,6.55,Photobug,,electronics,8.0,Violet,metal,7/19/2022
Wine - Magnotta - Belpaese,334,77.13,Fiveclub,11/28/2023,food,,Yellow,wood,4/20/2022
Tea - English Breakfast,414,82.94,Zoomzone,,electronics,0.2,Puce,wood,9/23/2023
Table Cloth 54x72 Colour,458,78.61,Browsetype,12/31/2022,electronics,6.8,Green,wood,10/11/2022
Cream Of Tartar,35,98.27,Skivee,,electronics,9.6,Fuscia,metal,3/11/2023
"Syrup - Monin, Irish Cream",379,20.09,Zoombox,,food,0.8,Turquoise,plastic,12/31/2022
Yoplait - Strawbrasp Peac,896,35.7,Agimba,,food,5.0,Mauv,plastic,3/2/2022
Chips - Doritos,610,1.8,Eimbee,,clothing,1.0,Orange,metal,6/15/2023
Cheese - Goat With Herbs,354,85.4,Edgewire,5/11/2023,electronics,7.4,Orange,plastic,10/1/2023
"Soda Water - Club Soda, 355 Ml",5,73.12,Skalith,,electronics,2.7,Khaki,wood,1/29/2022
"Rum - Coconut, Malibu",371,41.9,Demivee,,food,3.1,Mauv,plastic,4/12/2023
Kellogs Raisan Bran Bars,645,68.64,Leexo,,food,0.2,Puce,wood,10/16/2022
"Chocolate - Milk, Callets",800,92.65,Twinte,,clothing,2.3,Khaki,metal,3/2/2022
Blueberries,886,25.23,Edgeblab,,electronics,4.0,Violet,metal,10/4/2023
Scallops - U - 10,279,58.65,Thoughtblab,9/26/2022,electronics,2.4,Teal,plastic,2/16/2023
Gatorade - Cool Blue Raspberry,682,19.63,Dabshots,11/8/2022,clothing,7.7,Blue,plastic,2/12/2022
"Water, Tap",211,69.84,Zava,10/3/2023,food,6.5,Aquamarine,plastic,9/24/2022
Yams,299,38.53,Tagcat,5/5/2022,clothing,1.4,Yellow,wood,6/5/2023
Clams - Canned,82,9.28,Dabvine,8/6/2022,food,4.3,Green,wood,1/11/2022
Wine - Chateauneuf Du Pape,439,65.39,Browsezoom,,electronics,4.3,Mauv,plastic,3/11/2022
Butcher Twine 4r,925,35.87,Rhyloo,7/25/2022,food,,Yellow,plastic,8/22/2023
Wine - Vidal Icewine Magnotta,504,88.84,Thoughtbridge,,clothing,9.6,Yellow,metal,10/26/2023
Pate - Peppercorn,345,27.26,Agimba,,electronics,7.4,Red,metal,2/15/2022
Ecolab - Hand Soap Form Antibac,462,93.78,Youfeed,,electronics,3.3,Puce,plastic,5/30/2023
Lettuce - Sea / Sea Asparagus,976,76.59,Youtags,,electronics,8.6,Goldenrod,wood,11/4/2023
Rice - Wild,940,97.95,Meevee,,clothing,0.8,Aquamarine,wood,4/3/2022
"Mushroom - Enoki, Fresh",44,57.63,Wordtune,,food,1.9,Khaki,plastic,5/25/2023
Clams - Canned,319,94.93,Demimbu,,clothing,0.8,Yellow,plastic,8/17/2023
Muffin Mix - Morning Glory,572,38.38,Cogilith,12/16/2023,food,,Teal,plastic,10/14/2022
Rice - Wild,459,33.86,Brightdog,,clothing,0.1,Blue,wood,8/13/2023
Beef Tenderloin Aaa,549,71.03,Thoughtbeat,,clothing,,Goldenrod,plastic,5/17/2023
Soup - Cream Of Potato / Leek,899,23.03,Topicstorm,,clothing,1.6,Aquamarine,plastic,8/26/2023
Bread - Corn Muffaletta,281,87.94,Skyba,3/1/2023,electronics,7.8,Puce,wood,2/6/2022
Mayonnaise - Individual Pkg,486,93.38,Edgepulse,,electronics,0.1,Violet,wood,5/8/2023
Breadfruit,539,38.83,Babbleset,,clothing,6.1,Yellow,plastic,9/23/2023
Beef - Kobe Striploin,814,56.71,Voomm,,electronics,8.8,Goldenrod,metal,1/13/2022
Eggplant Oriental,972,35.56,Talane,,electronics,4.9,Aquamarine,metal,2/13/2023
"Pasta - Bauletti, Chicken White",223,75.63,Ntag,,food,2.2,Green,metal,4/4/2022
Wine - Guy Sage Touraine,411,58.29,Yakidoo,,electronics,2.3,Mauv,wood,9/1/2023
Salt - Kosher,13,55.81,Browsezoom,3/2/2023,food,4.0,Blue,plastic,10/6/2022
Scallops - In Shell,133,15.26,Devify,,clothing,9.5,Goldenrod,metal,12/8/2022
Cookie - Oatmeal,507,87.91,Meezzy,,food,0.3,Mauv,wood,9/19/2022
Food Colouring - Green,437,5.02,Eamia,9/21/2023,clothing,8.0,Violet,wood,10/13/2022
Beer - Tetleys,503,44.68,Thoughtbeat,,food,4.8,Fuscia,metal,4/5/2022
"Rum - Coconut, Malibu",252,10.32,Wordify,12/16/2022,clothing,,Blue,metal,5/20/2023
Flour - Whole Wheat,52,8.93,Dabjam,,food,0.3,Purple,plastic,7/13/2023
Chambord Royal,627,87.24,Jayo,9/29/2023,food,8.9,Green,metal,11/21/2023
"Chicken - Base, Ultimate",473,28.73,Photospace,,food,4.1,Green,metal,6/24/2022
Monkfish Fresh - Skin Off,316,83.84,Twitterworks,,food,4.3,Yellow,plastic,11/18/2022
Kiwi Gold Zespri,917,32.32,Thoughtbeat,,clothing,6.9,Aquamarine,wood,3/6/2023
Energy - Boo - Koo,353,39.47,Aibox,,food,5.8,Maroon,plastic,10/10/2023
Wine - Guy Sage Touraine,758,79.05,Jaxbean,4/28/2022,electronics,1.7,Puce,wood,10/26/2022
"Yogurt - Peach, 175 Gr",312,80.24,Fivespan,,food,5.4,Violet,plastic,6/25/2023
Bag - Regular Kraft 20 Lb,793,27.41,Tazzy,,food,2.7,Turquoise,metal,8/8/2023
Dc Hikiage Hira Huba,473,28.41,Vimbo,,electronics,,Khaki,wood,7/13/2023
Bacon Strip Precooked,509,9.89,Minyx,,clothing,,Indigo,plastic,10/4/2023
Nutmeg - Ground,790,58.26,Dynazzy,,electronics,5.7,Puce,wood,8/30/2022
Oil - Pumpkinseed,753,27.51,Tazz,,electronics,3.5,Crimson,plastic,12/9/2022
"Tendrils - Baby Pea, Organic",63,52.04,Miboo,,electronics,6.4,Khaki,plastic,10/29/2022
Venison - Liver,625,76.72,Twimbo,,clothing,2.6,Teal,metal,4/20/2023
Lychee,522,36.64,Skiptube,5/4/2023,food,6.1,Teal,metal,11/4/2022
Apples - Sliced / Wedge,971,63.21,Dabshots,,food,5.2,Khaki,wood,7/1/2022
Scallops - U - 10,355,91.78,Eayo,,food,9.8,Goldenrod,metal,2/8/2022
"Wine - Red, Harrow Estates, Cab",929,33.12,Jaxworks,,food,2.8,Mauv,wood,4/8/2022
Eggplant - Asian,781,93.75,Eimbee,6/1/2022,clothing,0.6,Green,metal,7/14/2022
Pork - Side Ribs,779,99.84,Miboo,,electronics,4.2,Khaki,metal,7/24/2022
Cake - Cheese Cake 9 Inch,426,55.41,Kimia,,clothing,,Red,plastic,4/27/2023
"Doilies - 12, Paper",139,30.94,Oyondu,,food,6.3,Crimson,metal,1/19/2023
Butter Sweet,98,70.92,Photofeed,,clothing,1.5,Khaki,wood,7/15/2023
Beans - Wax,32,1.79,Dynabox,,clothing,,Yellow,plastic,7/1/2022
Ice Cream - Turtles Stick Bar,422,15.61,Fadeo,,electronics,4.2,Blue,metal,6/5/2022
Appetizer - Southwestern,903,81.03,Yambee,,clothing,6.3,Mauv,metal,7/16/2023
Lobster - Canned Premium,231,53.64,Avavee,5/27/2022,clothing,7.8,Khaki,metal,8/31/2022
Ham - Procutinni,489,18.3,Oyoyo,9/15/2022,clothing,2.7,Turquoise,metal,6/23/2023
Beef - Eye Of Round,849,44.57,Babbleset,,clothing,7.4,Teal,wood,7/27/2022
Bulgar,974,29.09,Jabbertype,,electronics,,Blue,plastic,1/27/2022
"Wine - Red, Antinori Santa",653,26.64,Gigazoom,,electronics,5.1,Yellow,metal,2/21/2023
"Wine - Red, Pinot Noir, Chateau",926,74.3,Lajo,,clothing,0.3,Crimson,metal,8/25/2022
"Quail - Whole, Boneless",656,57.55,Oyondu,,electronics,5.6,Turquoise,metal,11/28/2022
Wine - Barolo Fontanafredda,172,26.39,Tekfly,,electronics,5.2,Green,plastic,9/5/2023
"Carrots - Mini, Stem On",854,66.21,Aimbo,6/14/2023,clothing,8.6,Goldenrod,plastic,1/4/2022
Tuna - Loin,580,6.87,Photospace,4/4/2023,electronics,2.0,Pink,metal,11/1/2023
